Actual,Predicted,Residual
362.849,362.95652065376333,-0.10752065376334485
362.231,362.1437921115026,0.08720788849740302
375.115,374.8192791586802,0.2957208413197918
362.605,362.64867441036216,-0.04367441036214359
367.704,367.9592570025841,-0.2552570025840737
364.607,364.7825898538075,-0.17558985380748027
366.082,366.31026108159915,-0.22826108159915748
361.6,361.65183385004144,-0.05183385004141883
373.345,373.35101475788883,-0.0060147578888063435
374.7,374.69666299839724,0.003337001602744749
360.997,360.6513779355761,0.34562206442393517
368.938,369.16028711910485,-0.22228711910486254
376.118,375.7785281329148,0.3394718670851944
362.395,362.11567181979075,0.2793281802092338
367.091,367.21745718162424,-0.12645718162423236
373.042,373.2939401228347,-0.2519401228347533
369.641,369.9041128453205,-0.2631128453205065
373.96,373.6919145279379,0.2680854720620687
361.857,361.9198833587119,-0.062883358711872
375.183,375.1502394742014,0.03276052579860789
363.797,363.8311975720994,-0.03419757209940144
362.963,362.97098132634085,-0.00798132634082549
365.739,365.84222042714896,-0.10322042714898316
360.531,360.156977058271,0.3740229417289811
369.578,369.9359772046896,-0.35797720468963234
364.16,364.3625544574,-0.20255445739996958
372.786,372.7081121581821,0.07788784181792607
372.745,372.8090282209612,-0.06402822096117688
360.919,360.6787696187233,0.2402303812766604
367.955,368.162609105923,-0.20760910592304072
371.975,372.20273045219494,-0.22773045219491905
365.477,365.64946917574014,-0.17246917574016152
370.835,370.96432348679394,-0.12932348679396455
366.135,366.16333024694126,-0.02833024694126607
364.728,364.89373687359364,-0.1657368735936302
366.511,366.6503118460656,-0.13931184606559555
374.606,374.56847502837905,0.037524971620939596
364.769,364.8751035327911,-0.10610353279110996
371.562,371.9013466024006,-0.3393466024006102
364.064,364.2313531329308,-0.1673531329307707
366.895,366.98715762340015,-0.09215762340016909
375.886,375.4979531276957,0.3880468723043009
361.242,360.90045172128924,0.34154827871077487
366.358,366.2084315851879,0.14956841481210859
372.255,372.16829505224183,0.08670494775816451
367.427,367.33107727474334,0.09592272525668477
363.0,362.7570754882535,0.24292451174648022
369.277,369.3424777365677,-0.0654777365676864
362.522,362.3432073115705,0.17879268842949614
373.788,373.8897172636364,-0.1017172636363739
367.536,367.65174288746346,-0.11574288746345474
363.838,363.94438277201857,-0.10638277201854862
373.1,373.0373507515282,0.06264924847181419
370.715,370.8792632398052,-0.16426323980522284
369.905,370.26477433024195,-0.3597743302419758
370.226,370.1141226454969,0.11187735450312175
364.458,364.5363905363467,-0.07839053634666016
371.262,371.5675757518963,-0.30557575189629915
367.475,367.4987544800036,-0.02375448000356073
370.925,371.29590245267826,-0.3709024526782514
364.339,364.0685846635643,0.2704153364356898
372.706,372.9583293355953,-0.25232933559527737
361.299,361.3391949186158,-0.040194918615839015
369.74,369.6657825825678,0.0742174174322372
360.405,360.19106965007995,0.21393034992001958
364.962,365.18132219125994,-0.21932219125994834
369.745,370.03742345502394,-0.2924234550239362
369.552,369.85109888532014,-0.2990988853201202
369.185,369.37045157367146,-0.18545157367145748
372.696,372.3203722314568,0.375627768543211
367.157,367.13298565871605,0.024014341283930207
360.362,360.09927011563553,0.2627298843644894
365.822,366.00157629925735,-0.17957629925734864
366.348,366.5960898034219,-0.2480898034218626
367.585,367.76770323682024,-0.18270323682025946
364.194,364.29025008244747,-0.09625008244745459
363.055,362.7902935888015,0.26470641119851734
366.488,366.72112274987336,-0.23312274987335968
372.87,372.7749725711551,0.0950274288449009
361.674,361.8799151615284,-0.2059151615284236
363.939,363.9834361217597,-0.04443612175970202
365.457,365.30856497612217,0.14843502387782337
368.921,369.1850042747155,-0.2640042747154894
362.074,361.8868325801713,0.187167419828711
366.21,366.10794037287616,0.10205962712382188
372.883,372.76186473687085,0.12113526312913336
367.735,367.99022974752387,-0.2552297475238561
365.785,366.01367338396665,-0.22867338396662262
366.508,366.75925710602394,-0.25125710602395657
372.918,372.8516358932014,0.06636410679863047
366.793,367.0487183159238,-0.2557183159237866
374.78,374.5627520535197,0.21724794648025636
365.813,365.9883371354067,-0.17533713540672125
363.351,362.9237816683511,0.4272183316488736
360.183,359.89414099172103,0.28885900827896194
367.527,367.7981141686307,-0.27111416863073146
360.674,360.53739359640457,0.1366064035954082
361.968,361.95550725458804,0.012492745411975648
363.424,363.5294888663952,-0.1054888663952056
373.906,373.82531479655955,0.08068520344045282
361.551,361.5823763036541,-0.03137630365409905
362.628,362.6800207215494,-0.052020721549411064
369.008,368.9505927524723,0.05740724752769211
372.836,372.7783603443602,0.0576396556398322
364.203,364.3164817046419,-0.11348170464191298
367.2,367.4724008428763,-0.2724008428763227
375.394,375.0357748764545,0.35822512354548053
366.377,366.3113633912985,0.06563660870148169
370.845,370.81030444235176,0.03469555764826282
361.465,361.33447716843364,0.13052283156633848
360.953,361.02836880031464,-0.07536880031466353
363.42,363.51452045077826,-0.09452045077824778
373.129,373.19837794577603,-0.06937794577601153
365.214,365.4144648452123,-0.20046484521230923
365.609,365.4503048118784,0.15869518812155547
365.006,364.61242223589994,0.39357776410003
370.343,370.4874220391758,-0.14442203917576535
364.926,365.07303601966333,-0.14703601966334645
364.49,364.23181812507426,0.2581818749257536
360.178,360.40890613454076,-0.23090613454075992
375.061,374.7120057801047,0.3489942198953031
370.454,370.45920536463416,-0.0052053646341505555
373.92,373.5161415679542,0.4038584320458085
370.677,370.7540917419023,-0.07709174190227941
375.902,375.65485191316714,0.24714808683285128
360.681,360.6759744440254,0.005025555974555118
366.307,366.4109952229497,-0.10399522294966346
361.83,361.2962670921539,0.5337329078460584
370.696,371.02922057994346,-0.33322057994342913
364.149,364.21353279537135,-0.06453279537134904
370.996,370.9443595596145,0.051640440385483544
364.647,364.59049693586127,0.05650306413872386
365.169,365.2751197006475,-0.1061197006475254
368.897,368.8541749666926,0.04282503330739473
375.18,374.82577202434607,0.3542279756539415
376.707,376.16486523495564,0.5421347650443522
360.574,360.7102092893559,-0.13620928935586107
362.99,362.96880143824654,0.02119856175346513
371.962,372.17793598713024,-0.2159359871302513
373.839,373.7835010667064,0.05549893329362021
375.643,375.7093309819169,-0.06633098191690578
364.879,364.6885572697718,0.1904427302281988
375.265,375.23994627364686,0.02505372635312142
373.928,373.659972983554,0.26802701644601257
364.129,364.0026047332771,0.12639526672290913
371.001,370.9655915537936,0.03540844620636108
364.033,363.35357689596873,0.6794231040312866
363.06,363.2411873572223,-0.1811873572223135
367.6,367.5422427402177,0.05775725978230639
368.102,368.0730069596974,0.028993040302566442
363.038,363.09030979202004,-0.052309792020025725
363.325,363.09464344220237,0.2303565577976201
374.184,374.04520631090656,0.13879368909346113
361.088,361.04742017240704,0.04057982759297829
363.863,363.96932144176526,-0.10632144176526026
365.015,365.09026355949675,-0.07526355949676145
363.118,362.59015972729685,0.5278402727031448
363.891,363.80613871246607,0.08486128753395406
366.14,366.2461005516013,-0.10610055160128695
372.244,372.45056499466966,-0.20656499466963396
362.739,362.7243155243018,0.014684475698174992
362.654,362.43458914128416,0.21941085871583255
360.804,360.5966693894392,0.20733061056074575
362.132,362.0446360921373,0.08736390786270931
369.931,370.1961355904064,-0.2651355904064303
368.926,369.1735681596516,-0.24756815965162104
363.583,363.7577011563142,-0.17470115631419958
365.72,365.97489097067285,-0.2548909706728182
365.291,365.4739186042291,-0.18291860422908712
371.927,371.9885146046241,-0.06151460462405112
362.38,362.6715495169822,-0.2915495169822293
365.731,365.4808232668931,0.2501767331069118
374.579,374.2981034524982,0.28089654750181126
370.328,370.6444085346983,-0.31640853469832564
367.882,368.1356959174955,-0.25369591749552
371.099,371.38405117840045,-0.28505117840046523
369.046,369.2162337298122,-0.1702337298121961
360.577,360.62834999933335,-0.051349999333353935
362.727,362.7992727440307,-0.0722727440307267
364.515,364.687239402839,-0.1722394028390113
369.252,369.51772321288837,-0.26572321288836065
363.313,363.05144864985675,0.26155135014323605
371.158,371.3390602194942,-0.18106021949415663
367.475,367.518638388474,-0.04363838847399393
367.694,367.8661824291577,-0.17218242915765813
367.601,367.8305636934631,-0.22956369346309202
365.617,365.8829801972453,-0.26598019724525557
365.781,365.9318169551811,-0.15081695518108518
362.115,361.9728048048575,0.14219519514250578
366.756,366.4888193051472,0.26718069485275464
365.878,366.09117781931593,-0.21317781931594482
375.752,375.5559744081342,0.19602559186580493
375.712,375.55138975822314,0.16061024177685113
377.087,376.56487411131104,0.5221258886889473
363.137,363.0254714425035,0.1115285574965128
370.47,370.7137115371629,-0.24371153716288063
365.237,364.8497031985887,0.38729680141130984
370.845,371.1262350914719,-0.28123509147189907
373.181,373.2039347882498,-0.02293478824981321
360.378,360.19295099406213,0.18504900593785578
371.618,371.8646067585013,-0.24660675850128655
369.612,369.8291075302472,-0.21710753024717633
375.532,375.20963454014014,0.32236545985983867
372.344,372.11386171137895,0.23013828862104901
362.495,362.2408621945332,0.25413780546682574
369.096,369.1672053932106,-0.0712053932106187
365.985,366.22063556482925,-0.23563556482923786
366.174,366.28650670205167,-0.11250670205168944
368.224,367.80387623130355,0.42012376869644186
369.345,369.50736122623886,-0.1623612262388292
361.462,361.18300508527483,0.27899491472516047
362.304,361.97065109486675,0.3333489051332208
369.131,369.2916678077059,-0.16066780770592004
362.922,362.87042728682167,0.05157271317835921
359.977,359.5531745429825,0.42382545701747176
364.958,365.1165520797163,-0.15855207971628715
368.322,368.39962167032706,-0.07762167032706202
362.526,362.55218306926105,-0.026183069261037417
372.615,372.6583644749925,-0.043364474992472424
372.123,372.16192982755564,-0.038929827555648444
363.322,363.3894416914668,-0.06744169146679724
364.539,364.36371009221983,0.1752899077801544
369.551,369.53744348438966,0.013556515610332553
361.094,360.8293942587519,0.26460574124809
361.366,361.55187991340995,-0.18587991340996268
364.129,364.1433557718207,-0.014355771820703467
373.588,373.3036446152594,0.2843553847406497
360.486,360.28881108999536,0.1971889100046269
363.267,363.40793249348576,-0.14093249348576364
375.197,374.8691367841804,0.32786321581960465
371.718,371.7679065034909,-0.0499065034908881
364.532,364.3855036103402,0.14649638965977374
373.421,373.25379370537445,0.1672062946255437
365.525,365.80010226302875,-0.2751022630287707
364.907,365.0972168795047,-0.19021687950470323
375.318,374.75235524861,0.565644751389982
372.235,372.40378552916445,-0.16878552916443823
361.155,360.8307593930648,0.3242406069351773
367.324,367.4386372465163,-0.11463724651628127
369.386,369.7395550827353,-0.3535550827352836
372.572,372.91508208694563,-0.34308208694562836
374.509,374.58899802757924,-0.07999802757922225
360.774,360.27977384456864,0.49422615543136317
368.655,368.75757410937797,-0.10257410937799705
374.553,374.29765363368267,0.2553463663173261
370.171,370.256336723355,-0.08533672335499887
366.51,366.39332666822025,0.1166733317797366
365.129,365.16433890998877,-0.03533890998875222
370.732,370.89487925409645,-0.16287925409642412
360.488,360.4976823070668,-0.009682307066782414
366.321,366.4006121188603,-0.07961211886026831
368.214,368.4611300048056,-0.2471300048056264
367.206,367.4309970122097,-0.22499701220965562
367.409,367.471200856101,-0.06220085610101478
367.305,367.2549193854137,0.05008061458630664
368.466,368.17892274642213,0.28707725357787695
365.59,365.68147973587446,-0.09147973587448632
360.374,360.3668726371293,0.007127362870733123
366.838,367.02274168820924,-0.18474168820921477
371.555,371.59887415074024,-0.04387415074023693
366.893,366.6829502483166,0.21004975168335704
374.932,374.68927357154257,0.24272642845744485
366.448,366.69404459555335,-0.24604459555337144
364.049,364.2752962017285,-0.22629620172853038
363.327,363.3895044815661,-0.06250448156612265
362.741,362.9244098221757,-0.18340982217569035
368.558,368.45724619495235,0.10075380504764553
367.542,367.6942369958056,-0.15223699580565153
362.531,362.37676725558725,0.15423274441275225
370.461,370.69931095311534,-0.2383109531153309
363.852,364.05979992558025,-0.20779992558027516
362.702,362.84876039623094,-0.1467603962309454
361.433,361.02310588590734,0.4098941140926513
373.82,373.76912018405716,0.050879815942835194
375.475,375.02202979784033,0.4529702021596904
365.379,365.37398927841593,0.005010721584085331
367.359,367.5463009283986,-0.18730092839859935
374.916,374.53127686281096,0.3847231371890416
373.278,373.18536324707964,0.09263675292038442
364.015,364.15551487954247,-0.14051487954247932
362.811,362.85741501839885,-0.04641501839887496
366.359,366.52764887658714,-0.16864887658715588
364.524,364.6826257515108,-0.15862575151078318
363.125,363.0686793647941,0.05632063520590691
365.383,365.54519799450816,-0.16219799450817618
373.266,373.3918716718613,-0.1258716718612618
371.897,372.03598632382904,-0.13898632382904452
370.123,370.4337037387002,-0.3107037387002265
370.819,370.7166702542301,0.10232974576990728
361.71,361.76794830106655,-0.057948301066574004
371.524,371.3563742241491,0.1676257758509223
368.613,368.87924387115714,-0.266243871157144
361.067,361.3326147899679,-0.26561478996791266
363.462,363.44837821560145,0.013621784398537784
370.117,370.28943352202003,-0.1724335220200146
368.11,368.37986520229634,-0.26986520229633015
370.281,370.0044181803644,0.27658181963562356
368.588,368.78113557720206,-0.19313557720204244
365.773,365.9019320746726,-0.12893207467254797
362.29,362.887866492086,-0.5978664920859842
362.39,362.37771882677754,0.012281173222447705
362.945,363.13870538970946,-0.19370538970946427
362.614,362.6898221227454,-0.07582212274542144
371.37,371.38535383146217,-0.01535383146216418
365.899,366.13437703655745,-0.2353770365574519
360.78,360.85105878617287,-0.07105878617289818
373.406,372.8994279592888,0.5065720407112053
366.809,367.08022944245164,-0.27122944245161307
364.227,364.3819549377533,-0.1549549377533026
369.465,369.5976808203417,-0.13268082034170448
364.62,364.8055765485208,-0.1855765485207712
367.065,367.1539343107049,-0.08893431070492852
364.973,365.16458113202594,-0.19158113202593086
370.95,370.9316402368277,0.018359763172270505
364.382,364.49347620211853,-0.11147620211852427
362.063,361.7746609752233,0.2883390247766897
367.81,367.8533416837739,-0.04334168377391734
374.649,374.643286234858,0.005713765141990734
370.512,370.4990817967021,0.012918203297886066
367.87,367.94371716771684,-0.07371716771683623
372.855,372.8527523270581,0.002247672941905421
371.1,371.2090503225618,-0.10905032256175673
375.046,375.09212417012793,-0.046124170127939124
374.026,373.72645186095394,0.2995481390460668
363.826,363.8714489431018,-0.04544894310180325
362.211,362.39291408273783,-0.18191408273781917
365.653,365.2116453276278,0.4413546723721993
367.588,367.77365851231855,-0.18565851231852548
364.619,364.8175745216278,-0.19857452162779055
364.195,364.06485377203023,0.13014622796976028
371.851,371.7175142555583,0.1334857444417139
370.383,370.7810837722586,-0.39808377225864433
372.514,372.5920382443106,-0.07803824431056228
362.749,362.6775581179248,0.07144188207524849
368.009,368.27406237296907,-0.2650623729690551
369.365,369.57448012316587,-0.20948012316586073
363.998,363.86818656495944,0.1298134350405462
369.603,369.90511884098,-0.302118840979972
366.381,366.3027024671574,0.07829753284255503
362.851,362.9690849410872,-0.11808494108720424
369.376,369.6501065677232,-0.2741065677232086
362.414,362.52573838525757,-0.11173838525758129
370.28,370.58785116697476,-0.30785116697478543
375.043,374.8993900796167,0.14360992038331233
362.335,361.8286432284565,0.5063567715434942
374.83,374.55963460545314,0.27036539454684316
365.878,365.922326747972,-0.04432674797203617
365.941,365.8661016673645,0.07489833263548462
375.378,374.915048501001,0.4629514989989616
369.377,369.5071426229716,-0.1301426229716185
362.646,362.8204053015019,-0.17440530150190625
367.149,367.10055072554957,0.04844927445043368
369.938,369.53017999176166,0.40782000823833187
368.469,368.694672496071,-0.22567249607101303
375.767,375.40918647701875,0.357813522981246
372.986,372.8524348645607,0.13356513543931214
367.217,367.3365066880771,-0.11950668807713782
363.973,364.120792959176,-0.14779295917600166
369.376,369.3240828810576,0.051917118942355955
362.533,362.7227361666838,-0.18973616668375826
365.122,365.2900391662767,-0.16803916627668514
371.664,371.8102107554513,-0.1462107554513068
362.791,362.4030102318519,0.3879897681480884
369.491,369.3541770495401,0.13682295045987303
362.455,362.55961743045947,-0.10461743045948424
366.524,366.7744766306425,-0.25047663064248127
369.658,369.8645775476585,-0.20657754765846903
363.902,363.9566153300131,-0.05461533001312091
366.628,366.60972595715697,0.018274042843017924
364.501,364.67277930290413,-0.17177930290415588
368.4,368.4273600935575,-0.027360093557547316
370.247,370.5282957346043,-0.2812957346042708
370.388,370.6265530360809,-0.23855303608092981
372.653,372.6884593903588,-0.035459390358766996
368.26,368.08907824996766,0.17092175003233478
376.397,375.80402500416915,0.5929749958308435
362.132,361.65110285786517,0.48089714213483603
369.786,369.9261549333511,-0.1401549333510843
361.279,360.84340556817494,0.4355944318250522
369.306,369.1619723575763,0.14402764242367994
367.791,367.7734457929279,0.017554207072123518
372.169,372.36056139486874,-0.19156139486875645
372.948,372.8369188444598,0.11108115554020515
365.955,366.2542012967695,-0.29920129676952456
361.365,361.1153650164117,0.24963498358829384
366.15,366.3753720660408,-0.22537206604084759
362.888,362.64565814977425,0.24234185022572774
364.32,364.15598030144116,0.1640196985588318
372.156,372.1637880792196,-0.007788079219608335
367.29,367.82115032730604,-0.5311503273060225
368.429,368.71375147836073,-0.28475147836076076
361.807,361.5476902906795,0.2593097093205188
375.665,375.46002334497035,0.2049766550296681
361.008,360.87727710989145,0.13072289010852955
363.485,363.1924353141934,0.2925646858066102
367.189,367.03392927423937,0.15507072576065184
364.047,363.8988815927031,0.14811840729691994
360.906,361.1981245070875,-0.2921245070875216
365.752,365.7565284157194,-0.004528415719391887
361.324,361.3915968695313,-0.0675968695313145
363.157,362.73762424728517,0.41937575271481364
362.267,362.2701998059469,-0.0031998059469060536
371.823,371.8653325120205,-0.042332512020493596
364.543,364.3302322106329,0.21276778936709206
372.066,372.03942425688007,0.026575743119906292
366.155,365.82858011211727,0.32641988788270737
361.271,361.4178215757749,-0.14682157577487942
369.326,369.3071120632851,0.018887936714918396
361.319,361.00862172122703,0.31037827877298696
365.175,365.30891273457036,-0.13391273457034458
375.275,375.00429876451113,0.2707012354888434
375.004,374.97264933279064,0.031350667209380845
367.815,367.87815013625465,-0.06315013625464871
362.011,362.06847008780244,-0.05747008780241458
361.892,361.8795283678839,0.012471632116103137
364.41,364.48879516525085,-0.07879516525082408
365.403,365.2483184961199,0.15468150388011281
375.654,375.4373249385072,0.2166750614928219
375.2,375.0791886442304,0.12081135576960378
361.426,361.1058002235641,0.32019977643591346
375.775,375.61155256513564,0.163447434864338
361.568,361.4392701218318,0.12872987816820114
367.177,367.44500321151594,-0.2680032115159179
363.533,363.71003363325207,-0.17703363325205146
365.754,365.5910128701686,0.1629871298314356
366.893,366.46375261812193,0.42924738187804223
360.788,360.82511016372825,-0.037110163728243606
373.733,373.50414720325574,0.2288527967442633
363.568,363.6735725444009,-0.10557254440089991
371.107,371.22415799327405,-0.1171579932740201
364.977,365.0459537755412,-0.06895377554121751
364.762,364.90626005685186,-0.14426005685186283
365.524,365.61137487694197,-0.08737487694196489
367.289,367.1993170238512,0.08968297614876519
367.955,367.95503444489526,-3.44448952773746e-05
363.804,363.9245337971189,-0.12053379711892376
361.331,361.38017852254137,-0.049178522541353686
372.273,372.3624798886058,-0.08947988860575151
376.878,376.3508637299956,0.5271362700044051
371.976,372.16447588724657,-0.18847588724656816
366.795,366.9345839060329,-0.13958390603289672
372.264,372.4868260428901,-0.22282604289006258
372.316,372.55134091438475,-0.23534091438477844
368.827,369.494005540999,-0.6670055409990141
365.093,365.09704051692484,-0.004040516924817439
370.017,369.7401945559209,0.2768054440791161
373.781,373.7241829301551,0.05681706984489665
362.405,362.1566445064441,0.24835549355589137
375.152,375.0676261680349,0.08437383196508108
366.692,366.93848036313824,-0.2464803631382324
373.806,373.47714089274905,0.3288591072509348
363.796,363.3619042144836,0.4340957855163765
374.558,374.6168644461704,-0.05886444617038933
374.061,373.83174982575053,0.22925017424944372
365.548,365.5817412709255,-0.033741270925474964
362.045,362.00881456994244,0.036185430057571466
362.426,362.25267065277245,0.17332934722753635
361.826,361.83969304457145,-0.013693044571425617
362.228,362.15287052271805,0.07512947728196195
368.897,369.0958049928105,-0.19880499281049424
369.501,369.7569758284747,-0.25597582847473177
371.334,371.7012686552399,-0.36726865523991137
374.729,374.7231243229093,0.005875677090671161
364.358,364.29011257404596,0.06788742595404074
368.766,369.035151729041,-0.2691517290409706
375.687,374.579928322492,1.1070716775080314
371.09,371.020521134337,0.06947886566297257
368.129,368.3703487211456,-0.24134872114558448
375.539,375.3039052132502,0.2350947867498121
365.03,365.16817175099675,-0.1381717509967757
361.7,361.60869825976687,0.09130174023312065
369.868,370.10566176050366,-0.23766176050366994
371.721,371.8881019649128,-0.1671019649127743
373.337,373.3810150703753,-0.04401507037533747
360.859,360.7595845452042,0.09941545479580327
360.889,360.98835966482494,-0.09935966482493086
368.239,368.06926194414626,0.16973805585371338
367.726,367.994504060845,-0.26850406084497536
361.779,361.82136200931745,-0.042362009317457705
367.158,367.3216489439464,-0.1636489439463844
367.684,367.920524398619,-0.23652439861899666
362.438,362.7534976075937,-0.315497607593727
366.997,366.9847448438151,0.012255156184892257
368.326,368.4396877987585,-0.11368779875846258
364.942,364.8394563270696,0.10254367293038058
361.22,361.03732850942816,0.18267149057186316
368.516,368.76892991829675,-0.2529299182967293
372.486,372.65359883631413,-0.1675988363141414
367.586,367.74570581345773,-0.15970581345771961
371.139,371.274858769626,-0.1358587696259974
376.23,376.11399644117546,0.11600355882455915
368.966,369.21061352241117,-0.2446135224111572
368.848,369.04041504625405,-0.19241504625404104
365.896,366.15896219302357,-0.2629621930235544
374.947,375.0246544577572,-0.07765445775720536
367.228,367.33517689287186,-0.1071768928718484
361.644,361.65141058455737,-0.007410584557362654
364.592,364.8773764536335,-0.2853764536334893
365.046,364.9166951288875,0.12930487111248112
362.605,362.5268673341997,0.07813266580029676
364.989,365.03065641778437,-0.04165641778439522
370.157,370.33850895237146,-0.18150895237147324
369.783,369.58781434033386,0.19518565966615142
371.265,371.2506550939026,0.01434490609739214
365.077,365.2774617718052,-0.20046177180518043
370.073,370.0860577443411,-0.013057744341097077
375.608,375.15602392406817,0.45197607593183875
370.936,371.0414806605797,-0.10548066057970118
366.938,367.2007169287788,-0.2627169287787865
369.842,370.0342339214097,-0.19223392140969509
362.306,362.2248771427209,0.08112285727906965
371.465,371.2235629083575,0.2414370916424673
364.416,364.4559764141667,-0.039976414166687846
371.689,371.78652380436955,-0.0975238043695299
365.699,365.8589781581304,-0.15997815813040006
361.232,361.0925466827202,0.13945331727984467
370.342,370.4647304466334,-0.1227304466333976
369.754,369.9740911528662,-0.22009115286618908
368.586,368.5555802873256,0.030419712674415678
364.263,364.02913990983507,0.23386009016491016
372.624,372.7418835123811,-0.11788351238106998
375.578,375.0655084391649,0.5124915608350875
368.631,368.8861243963674,-0.255124396367421
367.371,367.26256104370765,0.10843895629233202
374.924,374.7296943083646,0.19430569163534983
368.19,368.34353885820366,-0.1535388582036603
367.011,367.00150350843,0.009496491570018861
373.492,373.3852865734485,0.10671342655149374
373.723,373.9285518756493,-0.20555187564929156
366.297,366.5844147960241,-0.28741479602405207
365.823,366.0609284540488,-0.2379284540488129
371.529,371.7119811567075,-0.18298115670751258
366.999,367.1355128792212,-0.13651287922118627
372.175,371.8030915469387,0.37190845306133724
364.711,364.7735134504733,-0.0625134504732614
373.609,373.5765106267892,0.032489373210808026
370.181,370.0771633741759,0.10383662582410125
366.223,366.3492233773739,-0.1262233773738899
361.491,361.59705860038196,-0.10605860038197079
361.07,360.9304070865057,0.1395929134943117
364.181,364.30294923011013,-0.1219492301101468
361.178,360.89582196733994,0.28217803266005603
372.25,372.20390783006957,0.04609216993043219
371.03,371.2314197528531,-0.2014197528531554
372.2,372.0826406726733,0.11735932732671017
363.49,363.6275168870271,-0.13751688702711817
366.254,366.36243215723044,-0.10843215723042476
367.623,367.81134587769344,-0.18834587769345035
361.857,361.7512167309635,0.10578326903652169
362.656,362.2856165263664,0.3703834736335807
365.608,365.7581224245691,-0.15012242456907643
374.588,374.1704892309062,0.41751076909383755
361.663,361.66404416233024,-0.001044162330231302
372.89,372.8291975528297,0.06080244717026062
372.285,372.0548329994452,0.23016700055484307
369.401,369.4401314977063,-0.03913149770630753
370.084,370.3011975098392,-0.2171975098391954
370.96,371.0268368960771,-0.0668368960771204
371.525,371.5217315943795,0.0032684056204743683
372.793,372.946199692913,-0.15319969291300595
368.976,368.813926319645,0.16207368035497893
372.654,372.82909576197403,-0.17509576197403476
370.481,370.50868480783026,-0.027684807830269165
360.473,360.35703120039426,0.11596879960575279
364.771,364.7636910840651,0.0073089159349137844
363.465,363.6654591270575,-0.20045912705751334
370.54,370.7026001614701,-0.16260016147009537
363.212,363.0526152804639,0.15938471953609223
364.321,364.47432216560037,-0.1533221656003434
370.766,370.6571825476126,0.10881745238742724
372.069,372.304148539084,-0.2351485390839798
366.018,365.8045795683476,0.21342043165236646
365.2,365.10709964385626,0.09290035614372982
366.27,366.51225028414774,-0.24225028414775807
364.814,364.80971600606773,0.0042839939322902865
365.177,365.04788972611493,0.12911027388508955
371.169,371.1404190763302,0.028580923669778713
364.031,364.1932351108589,-0.1622351108588873
371.602,371.55416963998084,0.04783036001913388
370.683,370.9660891072893,-0.2830891072892996
371.415,371.5679809939192,-0.1529809939191864
373.534,373.75162817035556,-0.21762817035556736
369.172,369.3148704183179,-0.14287041831789793
363.259,363.1573542776724,0.10164572232758928
365.118,365.3304775764251,-0.21247757642510123
365.169,365.1900641503209,-0.021064150320910358
369.12,369.16544666187633,-0.04544666187632629
365.642,365.5816947472745,0.06030525272547038
364.874,365.080681150659,-0.20668115065899428
371.369,371.4066555477234,-0.037655547723375093
371.492,371.5860156466438,-0.09401564664375428
370.664,371.05129842079515,-0.38729842079516175
361.567,361.74757342848073,-0.18057342848072722
374.183,373.9317947052342,0.25120529476578213
363.978,363.9648427118963,0.01315728810368455
373.043,372.83956114735685,0.20343885264315986
364.718,364.77460396974914,-0.05660396974911919
371.007,371.17043896469926,-0.16343896469925312
362.937,362.7519360678556,0.1850639321444305
375.032,374.9400896846296,0.09191031537039862
372.087,372.3459800597437,-0.258980059743692
370.018,370.23916704583576,-0.2211670458357844
376.194,375.59275965686663,0.6012403431333837
361.732,361.8625170301491,-0.1305170301490648
365.155,365.23928833477896,-0.08428833477898934
375.963,375.4003473653374,0.5626526346626406
360.922,360.8523483514809,0.06965164851914096
373.826,373.8958981049474,-0.06989810494735593
375.809,375.6201172238835,0.18888277611654303
369.178,369.49269742541435,-0.31469742541435153
367.525,367.7678489852094,-0.24284898520943443
368.968,369.3354280766611,-0.3674280766610991
363.887,363.92843217424485,-0.041432174244846465
361.526,361.04790261957135,0.47809738042866456
364.054,364.09426599614267,-0.04026599614269344
368.582,368.58992285686816,-0.007922856868162853
374.491,374.38820951896037,0.10279048103961941
361.653,361.7166713976082,-0.06367139760817508
365.6,365.47049273839207,0.12950726160795512
362.628,362.6401510726969,-0.012151072696894971
369.627,369.76629130061696,-0.1392913006169465
366.49,366.6475884295472,-0.15758842954721786
362.221,362.515680593015,-0.29468059301501626
366.663,366.57416009488435,0.08883990511566253
375.57,375.38412558246483,0.18587441753516032
375.44,375.1987645507689,0.2412354492311124
364.514,364.7316548460109,-0.21765484601087337
367.882,368.07630941479795,-0.19430941479794228
361.2,361.2634064596486,-0.06340645964860414
370.836,371.05653902670286,-0.22053902670285197
370.704,370.77147181156914,-0.06747181156913484
364.569,364.4966396461762,0.07236035382379669
368.369,368.6342812222444,-0.26528122224436856
364.243,364.4080502436761,-0.16505024367609167
369.967,370.17538567682783,-0.20838567682784515
363.29,363.2542136133702,0.03578638662980893
369.758,369.97314968038387,-0.21514968038388815
361.828,362.02549610359097,-0.1974961035909928
366.911,367.14920775940476,-0.2382077594047587
374.994,374.94468448279594,0.049315517204092885
374.299,374.29663926781757,0.0023607321824101746
362.284,361.9594683658239,0.32453163417608266
363.948,364.1568106401106,-0.20881064011064154
364.257,364.3922142785045,-0.13521427850452028
364.926,364.97056919893566,-0.04456919893567601
373.535,373.08156754511634,0.4534324548836821
360.749,360.38809835275794,0.3609016472420876
365.123,365.1492276342424,-0.02622763424238883
360.207,360.0904438929544,0.11655610704559649
366.169,366.29802054898965,-0.12902054898967208
370.053,370.18371214639393,-0.13071214639393247
365.574,365.58235240088834,-0.008352400888327338
369.475,369.681714258616,-0.2067142586159889
367.758,367.93177423073075,-0.17377423073077125
362.744,362.8280001505951,-0.0840001505950454
360.973,361.0286745081602,-0.05567450816016617
371.892,371.95930443830224,-0.06730443830224431
372.368,372.3678237945625,0.0001762054374694344
373.11,373.28901652903704,-0.17901652903702825
374.129,374.3338863328522,-0.20488633285219748
361.112,361.2232193602261,-0.11121936022607315
369.638,369.73493467790905,-0.09693467790907562
367.864,367.9769126223451,-0.11291262234510668
370.237,370.3378151169397,-0.10081511693965695
364.289,364.5279027564435,-0.23890275644350822
365.868,366.07787054266663,-0.20987054266663563
371.328,371.0612466451375,0.2667533548624874
374.932,374.8162664467515,0.11573355324850354
361.992,362.11823755847314,-0.12623755847312168
371.995,372.1107541560848,-0.11575415608479034
369.016,369.24706086035775,-0.23106086035772933
363.516,363.4008948778779,0.11510512212214508
368.975,369.2239255723954,-0.24892557239536472
371.501,371.67020271594754,-0.16920271594756287
369.206,369.36195524499766,-0.15595524499764224
365.456,365.6816414982395,-0.2256414982394972
374.115,374.160861632069,-0.04586163206897709
373.1,373.2296791537014,-0.12967915370137462
364.229,363.6694430578052,0.5595569421947744
376.78,376.4858757585472,0.2941242414527778
363.33,363.1658251607546,0.16417483924539056
362.39,362.16838270737657,0.22161729262342078
367.64,367.8872409556541,-0.24724095565409243
368.837,369.0814782715238,-0.24447827152380341
371.864,371.8441144816448,0.019885518355181375
360.472,360.2063724829159,0.26562751708405585
370.994,371.05589555982806,-0.061895559828030855
376.4,375.5477061621073,0.8522938378926597
372.873,373.0184136107467,-0.14541361074668657
371.055,371.16428570327747,-0.10928570327746456
368.239,368.6059407071659,-0.36694070716595206
371.464,371.73013986573574,-0.2661398657357381
365.75,365.781998434043,-0.03199843404297553
372.854,372.85164433482896,0.002355665171023702
364.65,364.85988298234554,-0.20988298234556169
367.208,367.0477939273794,0.16020607262061048
375.159,374.8051273711718,0.35387262882818504
373.379,373.3392735872689,0.039726412731113214
375.1,374.90137717208285,0.1986228279171769
369.829,370.0426200482601,-0.21362004826011116
367.174,367.3276358239711,-0.15363582397111486
366.129,366.3298022176831,-0.20080221768307638
367.964,368.00412049171615,-0.04012049171615217
366.332,366.4327696630929,-0.10076966309293311
374.136,373.9653755530978,0.1706244469022522
374.24,373.8122910885521,0.427708911447894
367.483,367.7090001199851,-0.22600011998508762
367.326,367.467439458457,-0.14143945845700046
372.581,372.6768927504067,-0.09589275040667644
376.061,375.4072043929472,0.6537956070527571
366.696,366.9395948183218,-0.24359481832175334
364.304,364.1308333040052,0.17316669599478018
367.142,366.9591495208871,0.18285047911291485
376.781,376.77255222652354,0.008447773476461862
360.11,360.22589053582334,-0.11589053582332554
373.592,372.89114877135694,0.7008512286430459
364.731,364.42400292422536,0.30699707577463187
374.209,374.00995590832446,0.19904409167554604
363.12,362.9766408673202,0.14335913267979095
375.808,375.5872095477343,0.22079045226570315
366.389,366.58798593759093,-0.1989859375909191
377.827,377.54146887748567,0.2855311225143282
361.06,361.16399012927076,-0.10399012927075546
371.025,371.05505233805223,-0.03005233805225771
364.164,363.9768051888907,0.18719481110929337
366.365,366.2474067310589,0.117593268941107
366.505,366.565980036177,-0.060980036176999874
368.962,369.10512604922127,-0.14312604922128003
364.716,364.9078754984599,-0.19187549845986496
360.131,360.2433654644638,-0.112365464463835
375.884,375.5174650020091,0.36653499799092515
372.585,372.37625968750086,0.20874031249911695
368.04,368.30856675428186,-0.2685667542818351
369.267,369.1405306902575,0.1264693097425038
361.532,361.59720343657824,-0.06520343657825833
369.087,369.31256124340155,-0.22556124340155748
362.719,362.7705236540112,-0.05152365401119141
361.372,361.43865814519194,-0.06665814519192281
371.947,372.0170689192176,-0.07006891921759006
371.028,371.1302557151764,-0.10225571517639764
365.27,365.3129274359724,-0.04292743597244453
366.024,365.8733874608879,0.15061253911210315
369.851,370.10007640690736,-0.24907640690736343
371.065,371.1366541488872,-0.07165414888720534
373.285,373.35340421023164,-0.0684042102316198
362.326,362.2172651682371,0.10873483176294485
367.624,367.62591527664824,-0.0019152766482193329
364.042,363.9088451712019,0.1331548287980695
362.892,363.0551192063007,-0.1631192063006779
368.139,368.21330309334485,-0.07430309334483809
375.563,375.1681846591083,0.39481534089168235
375.7,375.49369971209154,0.2063002879084479
364.594,364.6887602457531,-0.09476024575309339
372.281,372.3242095799474,-0.04320957994741548
377.963,377.9515189255187,0.01148107448130986
369.646,369.4931155649477,0.15288443505232863
364.822,364.9677466727214,-0.14574667272137276
362.981,362.75923946411854,0.22176053588145805
360.65,360.4811565235466,0.16884347645338948
371.824,371.6894688651621,0.13453113483791412
373.976,373.588164417437,0.38783558256301376
360.476,360.6906895083562,-0.21468950835617306
365.559,365.60886577577696,-0.049865775776936516
375.601,375.3355578145722,0.2654421854277871
369.107,369.38228089052336,-0.2752808905233337
363.591,363.347364845485,0.24363515451500461
371.833,371.9799589213621,-0.14695892136205657
371.227,371.52398261362737,-0.2969826136273923
362.895,363.02210842773917,-0.12710842773918785
368.913,369.147315708327,-0.2343157083270171
364.734,364.7667811050166,-0.03278110501662468
362.616,362.22350604501025,0.3924939549897317
375.461,375.15902106000965,0.30197893999036296
371.136,371.20185939955553,-0.06585939955550657
366.87,366.9143410337392,-0.04434103373921516
367.616,367.5784518688804,0.037548131119592654
363.509,363.6650175552342,-0.15601755523420024
365.938,366.11284195922434,-0.1748419592243522
370.554,370.84679182401345,-0.29279182401347725
374.666,374.5181553262721,0.14784467372788868
366.286,366.3207535716097,-0.03475357160971271
371.14,371.32414735400084,-0.18414735400085647
363.114,363.1409333597521,-0.0269333597521495
373.667,373.60380190855017,0.06319809144980582
368.947,369.18406734530777,-0.2370673453077643
364.43,364.59322747728976,-0.16322747728975173
362.874,362.9919738535317,-0.1179738535316801
370.852,370.8764832970219,-0.024483297021902217
363.664,363.7787858890869,-0.11478588908693155
363.289,362.76575631961356,0.5232436803864289
373.914,373.8848592336537,0.029140766346301916
374.636,374.5590116235343,0.0769883764657493
367.483,367.7910446574034,-0.3080446574033999
363.623,363.46155280288366,0.16144719711633115
363.907,363.8902544787385,0.016745521261498197
366.959,367.2042601615552,-0.24526016155522257
363.214,362.99202437591845,0.22197562408155136
362.468,362.20974394864965,0.2582560513503722
363.085,363.20648562474616,-0.1214856247461853
368.689,368.5397842979238,0.14921570207621926
360.918,360.51410507638155,0.40389492361845214
362.938,362.62549581293047,0.3125041870695213
365.908,365.76680019186864,0.14119980813137545
366.042,366.0041603975541,0.037839602445899345
373.141,372.7461168051161,0.3948831948839029
370.203,370.3505507022169,-0.14755070221690403
368.855,369.0350034582588,-0.1800034582587955
374.003,373.7584907922416,0.24450920775836948
377.031,376.22011390924825,0.810886090751751
373.326,373.46734312252545,-0.14134312252542713
367.883,368.1633746725791,-0.2803746725791143
370.909,371.02625688052177,-0.1172568805217793
366.361,366.2382815124636,0.12271848753641734
371.237,371.1085671565825,0.1284328434174995
367.959,367.82185920989036,0.13714079010964042
361.035,360.8734192742164,0.16158072578360816
373.443,373.5010863117158,-0.05808631171584011
361.582,361.5131613074563,0.06883869254369301
360.992,360.7953204400189,0.19667955998113484
362.051,361.8998704971444,0.15112950285561055
364.596,364.41222505700307,0.18377494299693353
368.725,368.8471609769265,-0.12216097692646599
373.518,373.6791889080758,-0.16118890807581465
362.339,362.3071658586383,0.03183414136168494
362.663,362.64600941189855,0.016990588101464255
374.386,374.6688314757508,-0.2828314757507542
376.465,376.1861481037054,0.27885189629455454
367.455,367.45494740222733,5.259777265109733e-05
373.854,373.84800886094735,0.0059911390526394825
361.084,360.92157722849737,0.16242277150263362
365.945,365.93164736853964,0.01335263146035004
368.11,368.1063610397899,0.0036389602101394303
367.423,367.68551671990207,-0.2625167199020666
362.662,362.6980550894218,-0.03605508942183633
368.264,368.5780155427786,-0.31401554277857713
362.592,362.87842533510843,-0.28642533510844714
364.809,364.48811587744035,0.3208841225596757
372.885,372.9252137179153,-0.04021371791532147
370.795,370.6827491741944,0.1122508258056314
366.025,366.117563204215,-0.09256320421502551
374.637,374.53415553321,0.10284446678997483
369.966,370.00182379634214,-0.035823796342128844
366.567,366.59714948653567,-0.030149486535663073
374.237,374.0288231072567,0.20817689274332452
361.951,361.57926915692127,0.37173084307875115
364.573,364.72322480524423,-0.15022480524424964
365.901,366.02950870943863,-0.12850870943861992
368.143,367.79529923325697,0.347700766743003
374.188,373.96544737598384,0.22255262401614573
360.567,360.28423258322357,0.28276741677643713
361.702,361.7077797618008,-0.005779761800795313
365.633,365.7645798019888,-0.1315798019888348
370.471,370.53092563752267,-0.05992563752266733
373.784,373.63665193829763,0.1473480617023597
365.849,366.0368910794322,-0.1878910794322337
369.228,369.4060948606083,-0.17809486060826885
366.675,366.5955895977316,0.07941040226842233
362.677,362.43617185498437,0.24082814501565508
371.59,371.47075965420055,0.119240345799426
368.945,368.97737477477233,-0.03237477477233597
364.592,364.68602060991736,-0.09402060991737926
373.427,373.518884224171,-0.09188422417099673
360.752,360.29553217477763,0.4564678252223757
367.067,367.1564441021526,-0.08944410215258358
372.41,372.26088322201815,0.14911677798187384
363.805,363.90381888547336,-0.09881888547334938
373.229,373.2829241939452,-0.053924193945192656
366.741,366.81994407676217,-0.07894407676218407
366.963,367.13765592617494,-0.1746559261749212
360.012,359.9866722401249,0.025327759875096945
364.813,364.973929715989,-0.1609297159890275
362.742,362.6517456635208,0.09025433647923364
361.409,360.9360892592466,0.47291074075337747
361.889,361.6598141288955,0.22918587110450517
363.06,363.05690900588417,0.0030909941158370202
374.598,374.4079257718015,0.19007422819851172
373.012,372.79355101620496,0.2184489837950423
364.052,364.08806787719686,-0.036067877196842346
372.748,372.8650379102861,-0.11703791028611477
370.789,371.0911685630426,-0.302168563042585
361.037,361.0957897890436,-0.058789789043601104
366.684,366.6609991331384,0.023000866861650593
365.875,365.6285576030056,0.2464423969943823
368.995,369.29159776443555,-0.2965977644355462
364.533,364.70141606797944,-0.16841606797942177
373.126,373.274099214616,-0.1480992146160247
360.191,360.68643213957074,-0.4954321395707666
369.732,369.79425313950424,-0.06225313950420741
369.365,369.4663126621621,-0.10131266216211543
371.548,371.86958308538425,-0.3215830853842476
371.919,372.1328011635868,-0.21380116358682244
372.436,371.9589825646167,0.47701743538328856
372.863,372.6341006712343,0.2288993287656922
362.095,361.9235899106166,0.1714100893834143
361.103,361.27614975113374,-0.1731497511337352
361.544,361.4421296871331,0.10187031286687898
373.653,373.3302606335059,0.32273936649414736
374.436,374.31850618504427,0.11749381495570788
362.048,361.9273503167459,0.12064968325410064
368.479,368.70986189115666,-0.2308618911566782
370.261,370.23828991458123,0.022710085418793824
368.485,368.75333221471453,-0.26833221471451907
375.474,375.1621812723304,0.3118187276696176
372.158,372.3029516060201,-0.14495160602007218
361.909,361.4850745744474,0.42392542555256796
360.812,360.92591965064804,-0.11391965064802889
369.78,369.972875526665,-0.19287552666503416
375.119,374.8782229213683,0.24077707863170872
360.508,360.2117950819809,0.2962049180191002
365.083,364.9745916920337,0.10840830796632872
371.575,371.80359129700105,-0.22859129700105996
362.487,362.2164731952305,0.2705268047695313
367.335,367.54540377950366,-0.21040377950367883
362.783,362.51031499013106,0.27268500986895106
374.017,374.096835819719,-0.07983581971899412
368.523,368.66334021706496,-0.1403402170649315
363.979,364.14290191762,-0.1639019176200236
362.414,362.01657122323564,0.3974287767643432
364.932,365.16272289096463,-0.23072289096461418
366.535,366.7577998801492,-0.22279988014918217
363.394,363.29627856572193,0.09772143427807123
373.423,373.36469192794874,0.058308072051261206
368.489,368.34360931900903,0.14539068099094266
373.532,373.73593911294626,-0.20393911294627287
373.647,373.8126553420059,-0.16565534200589127
366.078,366.06153243135185,0.016467568648124598
364.923,365.0702970910044,-0.14729709100441823
366.843,367.0987052223745,-0.2557052223745018
364.268,364.04333658466396,0.22466341533601053
376.206,375.9971826408259,0.2088173591741338
370.595,370.5508036798641,0.04419632013593855
373.654,373.5661277729707,0.0878722270293224
370.781,371.0722429579877,-0.2912429579877198
367.652,367.9893034145733,-0.33730341457334134
373.507,373.43869363643336,0.06830636356664854
369.495,369.6277798627959,-0.1327798627958714
362.826,362.57568000333447,0.25031999666555294
370.473,370.71575006927924,-0.24275006927922504
371.145,371.2252027332257,-0.08020273322568983
369.266,369.6154397002055,-0.34943970020549386
359.926,359.71249811738954,0.21350188261044423
366.319,366.5443294944964,-0.22532949449640682
373.158,373.0157855709008,0.14221442909922644
368.893,368.8537259021438,0.03927409785615055
367.082,367.2489280741664,-0.16692807416637834
364.553,364.6958161312767,-0.1428161312766747
368.566,368.48376326152373,0.08223673847624013
372.352,372.35451348288865,-0.0025134828886734795
368.443,368.65759566032256,-0.2145956603225727
375.992,375.5924015190825,0.3995984809175184
365.561,365.7983123995413,-0.23731239954133798
370.982,371.0166446365781,-0.03464463657809347
365.518,365.55082658551356,-0.032826585513589635
369.172,369.2932486203089,-0.12124862030884742
370.6,370.76225842615935,-0.16225842615932606
364.478,364.3573378708931,0.1206621291069041
373.259,373.3493566260356,-0.09035662603560013
368.435,368.70004050203073,-0.26504050203072893
361.99,361.91442891292314,0.07557108707686666
370.653,370.7808535044492,-0.12785350444920596
368.875,369.0326795957537,-0.1576795957536774
370.835,371.0135591235137,-0.17855912351370762
364.577,364.3637429458328,0.21325705416717256
375.5,375.12810394066736,0.37189605933264147
364.279,364.3122125834497,-0.033212583449710564
359.857,359.8757259699935,-0.018725969993454328
361.998,361.9916683212986,0.006331678701371857
361.976,362.02803891109926,-0.05203891109925962
363.739,363.4237615807505,0.3152384192494537
367.861,368.1006050940904,-0.23960509409039332
375.245,374.6925961034334,0.5524038965666023
373.138,373.2476765174343,-0.10967651743430906
373.56,373.39473541701153,0.16526458298847047
364.463,364.5335996702091,-0.07059967020910562
361.578,361.6843640298274,-0.1063640298274322
370.791,370.5453002663918,0.2456997336082054
371.427,371.5876785324217,-0.1606785324216844
367.639,367.90934699481517,-0.27034699481515645
372.786,372.9775044381449,-0.19150443814487517
370.621,370.7514239220943,-0.13042392209433729
368.737,368.68719632211554,0.04980367788448348
364.286,364.3275309257421,-0.04153092574210859
372.027,372.3048032858389,-0.2778032858388997
362.342,362.05541187749805,0.2865881225019393
374.661,374.63605653420495,0.02494346579504736
367.318,367.3111737571133,0.00682624288668876
362.435,362.2752528254499,0.15974717455009113
369.216,369.47559241171433,-0.2595924117143227
365.197,365.2155872813226,-0.018587281322595572
377.529,376.9350840840582,0.5939159159418068
363.681,363.7817390581073,-0.10073905810730821
368.667,368.7688564629496,-0.1018564629496268
366.723,366.80640296885156,-0.0834029688515443
367.94,368.20288212181737,-0.2628821218173698
373.183,373.46602527108945,-0.28302527108945696
361.61,361.76158439499716,-0.15158439499714405
363.261,363.6103492162661,-0.3493492162660914
373.592,373.4990723965397,0.09292760346028217
365.572,365.76014378520443,-0.18814378520443142
363.642,363.4727746686541,0.16922533134589912
370.065,369.98011939910225,0.08488060089774763
361.491,361.56005071311967,-0.06905071311967959
363.27,363.2250683104747,0.044931689525299134
363.501,363.4480193564158,0.052980643584191967
372.924,372.5635708058889,0.3604291941110773
368.245,368.52092983521345,-0.2759298352134465
360.666,360.5675327490622,0.09846725093780151
367.414,367.6456837102441,-0.23168371024411272
365.223,365.44702225262176,-0.2240222526217508
362.069,362.09512060122705,-0.026120601227034967
365.67,365.65079290256233,0.019207097437686116
365.002,365.0604379319916,-0.058437931991591086
372.071,372.3044063485132,-0.2334063485131992
361.159,360.9819214193022,0.17707858069780968
371.108,371.0802961613665,0.027703838633499345
373.402,373.19384743519225,0.20815256480773314
365.241,365.30766175416704,-0.06666175416705755
372.113,372.06392609188765,0.04907390811234791
362.801,362.58145072257236,0.21954927742763175
369.799,370.1073631639288,-0.30836316392884555
368.055,368.2207161916457,-0.16571619164568574
361.784,361.8589339802199,-0.07493398021989606
363.627,363.77241575498283,-0.145415754982821
370.994,371.308969404962,-0.3149694049619711
370.9,371.09169271060955,-0.19169271060957271
364.082,364.13178161835435,-0.049781618354359125
375.53,375.2537219786499,0.2762780213500946
372.933,372.8208518819741,0.11214811802591385
362.31,362.61346417415814,-0.30346417415813676
369.303,369.37452118659934,-0.07152118659934104
369.387,369.6823208454367,-0.29532084543672
364.371,364.5322711313423,-0.16127113134234605
364.348,364.2688983602398,0.07910163976021067
372.569,372.29892188352846,0.2700781164715522
366.326,366.4148204893729,-0.08882048937289255
370.019,370.1133745744955,-0.09437457449547537
372.096,372.28779849461205,-0.19179849461204412
367.102,367.16992405813346,-0.06792405813348523
360.478,360.3761864777198,0.10181352228022433
363.088,362.9031773385123,0.18482266148771487
364.615,364.44381375362576,0.17118624637424773
371.091,371.3336419932586,-0.24264199325858726
361.238,361.1456827066076,0.09231729339239791
367.549,367.70398863128486,-0.15498863128487983
365.626,365.8038150054177,-0.177815005417699
374.992,374.667883891128,0.32411610887203324
368.009,368.25141758035704,-0.24241758035702787
369.766,369.87728936109283,-0.1112893610928154
363.508,363.5511374623675,-0.04313746236749694
374.486,374.56210543532717,-0.07610543532717884
365.542,365.74381409242034,-0.20181409242036352
363.284,363.38004225868417,-0.0960422586841787
362.788,362.51578962596915,0.27221037403086257
364.547,364.6384999990589,-0.09149999905889672
368.42,368.50984112262825,-0.08984112262822919
362.095,362.08993065600964,0.005069343990385278
360.83,360.8568549477787,-0.0268549477787019
372.316,372.362779884605,-0.04677988460503002
366.237,366.44837724892136,-0.21137724892133747
361.152,361.1869831846652,-0.03498318466523642
362.944,362.7463146301266,0.19768536987339758
363.75,363.7954715698836,-0.04547156988360257
362.47,362.5190628864404,-0.04906288644036749
373.93,373.8767011176017,0.05329888239828051
372.265,372.2577342854401,0.0072657145598782336
360.097,360.36456365892207,-0.2675636589220858
374.615,374.470582301134,0.14441769886599332
367.323,367.3720358272942,-0.04903582729423306
364.497,364.6666796740992,-0.16967967409919993
367.072,366.95737188245977,0.11462811754023505
365.628,365.71498359867724,-0.08698359867725003
373.465,373.38072562834583,0.08427437165414631
373.081,373.3701630616424,-0.28916306164239813
367.612,367.5493811199226,0.062618880077423
363.231,363.4265230896603,-0.1955230896602984
373.77,373.4746842620284,0.2953157379715776
360.529,360.95675446156434,-0.4277544615643478
371.417,371.5095688298379,-0.09256882983794412
359.889,359.4440295938802,0.44497040611980765
363.984,364.0752948590588,-0.09129485905879164
363.724,363.32701830178115,0.39698169821883766
367.564,367.5375842025261,0.026415797473930525
363.47,363.2109219429196,0.25907805708044407
361.43,361.0310705121614,0.3989294878385863
362.504,362.44700890868023,0.0569910913197873
371.58,371.7153934466234,-0.135393446623425
364.896,365.13723948701124,-0.241239487011228
360.546,360.51334999600704,0.03265000399295559
369.042,368.9596588892241,0.08234111077587158
360.863,360.725428151036,0.13757184896400076
372.044,371.79796923407014,0.24603076592984507
369.278,369.269726014006,0.008273985994037503
372.503,372.65405753818527,-0.15105753818528456
362.415,362.51660613219485,-0.10160613219483139
362.63,362.6605896704599,-0.030589670459903573
370.266,370.23682533525727,0.02917466474275443
376.136,375.69085113095014,0.4451488690498877
367.054,367.239674370572,-0.1856743705720305
363.075,363.16225980052246,-0.0872598005224745
367.695,367.45406740555364,0.24093259444634896
368.315,368.3812141122542,-0.06621411225421525
369.595,369.5886921508977,0.006307849102313412
360.913,360.7171736723079,0.19582632769208885
370.043,370.3730882967214,-0.3300882967213852
371.211,371.22043068539887,-0.009430685398854166
365.851,365.8963933765539,-0.04539337655387499
371.694,371.50604300819793,0.18795699180208203
364.875,364.94755323211444,-0.0725532321144442
361.579,361.64199088055346,-0.06299088055345692
369.547,369.77216803922505,-0.22516803922502504
373.441,373.47228047943815,-0.031280479438180464
375.885,375.6047720847599,0.28022791524011836
364.576,364.5669689464166,0.009031053583441917
363.846,363.7561375262324,0.08986247376759593
370.036,369.7786512259827,0.2573487740173164
370.332,370.5979367716928,-0.2659367716927932
366.157,366.22076710664794,-0.06376710664795837
376.373,376.06576604562537,0.30723395437462386
367.701,367.93563686625333,-0.23463686625331093
372.798,372.7464490782179,0.05155092178210907
364.846,364.77428886641457,0.07171113358543835
362.803,362.7823748568591,0.020625143140875934
366.989,366.92100784565014,0.06799215434983807
364.801,364.9837394735654,-0.1827394735653911
372.782,372.49819094368695,0.2838090563130322
366.699,366.83620254729885,-0.13720254729884118
366.842,366.8032207941918,0.038779205808168626
361.067,361.1941954709094,-0.12719547090938477
367.446,367.3669359172482,0.0790640827518132
368.832,369.1083821753629,-0.27638217536292586
370.823,370.9667914596588,-0.14379145965881435
365.554,365.5823431655314,-0.028343165531452996
369.012,369.22634471908805,-0.21434471908804653
371.078,371.18185845200276,-0.10385845200278254
368.168,368.4557866409751,-0.2877866409750709
361.05,361.3162784375742,-0.2662784375742149
366.684,366.8824365190793,-0.19843651907928006
360.521,360.20680186278724,0.31419813721277023
361.807,361.77025398423,0.03674601577000658
368.765,368.9338146806079,-0.16881468060790894
374.132,373.74295805078447,0.3890419492155388
367.362,367.6107609307148,-0.24876093071475225
374.155,374.4330072557868,-0.27800725578680385
374.614,374.5441004121983,0.06989958780167171
364.732,364.79952385686806,-0.06752385686803564
370.655,370.68290823272906,-0.027908232729089377
373.137,373.2250366219637,-0.08803662196368123
362.215,362.3288732879148,-0.11387328791482787
367.056,367.13108383945405,-0.07508383945406649
362.108,361.77538612019293,0.33261387980707013
361.678,361.7679116976395,-0.08991169763947937
363.305,363.1456485509767,0.15935144902329057
376.696,376.5971468665777,0.09885313342232394
371.427,371.681077723154,-0.25407772315395505
364.644,364.8952916768379,-0.25129167683792275
375.279,374.8094571240389,0.46954287596111044
375.441,375.16755825009506,0.27344174990491865
369.69,369.8886988824898,-0.1986988824897935
366.392,366.6420824538393,-0.2500824538392976
362.937,362.96256166639137,-0.025561666391354265
362.627,362.4888518477069,0.1381481522931267
370.732,370.7466200365916,-0.014620036591566077
368.66,368.9449980413905,-0.2849980413904518
361.986,362.00340223276356,-0.017402232763572556
365.226,365.18429627832205,0.04170372167794767
370.864,370.88448674063494,-0.020486740634964917
361.404,361.33646979532875,0.06753020467124315
376.163,376.0367586455108,0.1262413544891956
363.219,362.7250914275065,0.4939085724934671
367.181,367.35273997153405,-0.17173997153406617
364.742,364.56731155263526,0.1746884473647583
365.689,365.9149681695641,-0.2259681695640552
366.044,366.1585324974361,-0.11453249743613014
369.674,369.7911893418748,-0.1171893418748482
365.571,365.6285031137172,-0.05750311371718908
364.92,365.1311423125046,-0.2111423125045917
366.664,366.39396362880814,0.27003637119184987
364.749,364.346724590055,0.40227540994504807
366.88,366.8981672781722,-0.018167278172199985
361.604,361.30188431068177,0.30211568931821375
372.989,372.7616725210634,0.2273274789365587
372.615,372.6469793274287,-0.0319793274287008
372.484,372.5334105207705,-0.04941052077049335
376.845,376.5883328911795,0.25666710882052257
366.375,365.9751768498146,0.39982315018539794
361.698,361.7236222094652,-0.025622209465211654
373.063,372.73327809933875,0.32972190066124085
363.309,363.36248671372704,-0.05348671372701119
362.685,362.75937949323645,-0.07437949323644943
374.326,374.1513460209793,0.174653979020718
363.369,363.38302612678626,-0.014026126786234272
373.16,373.0763979212894,0.0836020787106122
367.96,367.9702891753507,-0.010289175350692403
369.238,369.0173198475265,0.2206801524735056
370.79,370.8777820328778,-0.08778203287778297
364.949,364.9346671946777,0.014332805322339937
366.477,366.7072391902575,-0.23023919025752093
367.442,367.3797981549195,0.06220184508049442
364.046,364.1808639762613,-0.13486397626132884
374.799,374.54331024949414,0.2556897505058373
371.3,371.6157728016126,-0.3157728016125816
360.398,360.2468599362638,0.15114006373624989
372.403,372.4197962481662,-0.01679624816620162
375.361,374.94967994731894,0.41132005268104876
369.42,369.40732783736337,0.0126721626366475
372.041,372.2627783222718,-0.2217783222718026
366.234,366.1559318653929,0.07806813460706508
363.265,363.3322412236162,-0.06724122361623586
372.686,372.7878397794451,-0.1018397794451289
374.095,374.06383764949845,0.031162350501574565
362.064,361.86019217512677,0.20380782487325177
372.201,371.9095237736192,0.29147622638083703
372.597,372.58475593774455,0.012244062255433619
372.521,372.0654092560899,0.4555907439101361
365.96,366.09466382216925,-0.13466382216927286
367.924,368.1310996035972,-0.20709960359721435
364.554,364.2816695454645,0.27233045453544946
361.851,361.8852042551906,-0.034204255190616095
370.877,371.03659977452526,-0.15959977452524754
372.911,373.0738649709811,-0.1628649709811043
368.175,368.2856718608453,-0.11067186084528657
361.292,361.0721725420917,0.2198274579082522
372.195,372.4186387427006,-0.2236387427005866
360.984,360.9292271428864,0.05477285711356217
363.357,363.2307726442609,0.12622735573910404
372.436,372.49987260722463,-0.06387260722465271
365.371,365.0557955459873,0.3152044540127008
365.258,365.28161607925523,-0.023616079255248223
362.221,362.36801677014427,-0.14701677014426195
362.975,363.07658057504347,-0.10158057504344242
371.026,371.1750014322987,-0.14900143229868945
360.426,360.22027135384803,0.20572864615195385
362.721,362.75285181204225,-0.031851812042248184
370.381,370.51799769407467,-0.13699769407469375
363.959,363.4343195484273,0.5246804515726922
368.335,368.3046489447301,0.03035105526987536
361.686,361.7196903521141,-0.03369035211414939
374.14,374.00333119384396,0.13666880615602395
368.838,368.55931068352925,0.2786893164707749
361.864,361.868027867341,-0.004027867341051206
364.281,363.7916653037011,0.48933469629889714
366.339,366.4665480944888,-0.12754809448881588
360.569,360.5928689384115,-0.0238689384115105
375.924,375.648914906162,0.27508509383795854
366.11,366.07946943462434,0.03053056537567045
361.189,361.26422810643436,-0.07522810643433786
361.546,361.297289264177,0.2487107358230105
365.928,366.1598180644428,-0.23181806444279118
371.753,371.93111786981495,-0.1781178698149688
363.61,363.7034474575884,-0.093447457588411
369.025,369.1667345425308,-0.14173454253079854
363.916,363.40587338250816,0.5101266174918351
364.996,365.04000535440485,-0.04400535440487374
376.16,375.89724128202346,0.2627587179765669
361.123,361.2149691639055,-0.09196916390550314
366.532,366.70867943698585,-0.1766794369858644
360.526,360.24871328238527,0.2772867176147429
362.143,362.07160103535455,0.07139896464542517
362.231,362.12947129310623,0.10152870689375959
369.043,369.19710140945887,-0.15410140945886042
365.752,365.93500441717293,-0.18300441717292415
360.62,360.78819340855915,-0.16819340855914788
369.707,369.60843353454516,0.09856646545483727
373.858,373.81397082342426,0.0440291765757479
363.061,363.2508829293055,-0.18988292930549733
369.869,370.0502367837056,-0.18123678370557172
370.858,371.1309753160391,-0.2729753160390942
373.619,373.6817005644643,-0.06270056446425087
362.048,361.57571372256456,0.47228627743544394
370.119,370.4419466135695,-0.32294661356945653
368.716,368.5747343573631,0.14126564263688124
360.218,360.2614138633438,-0.04341386334380104
368.403,368.5922428089399,-0.18924280893986634
367.162,367.1451132916982,0.01688670830179717
367.413,367.424646606111,-0.011646606111014535
373.799,373.60863190485037,0.1903680951496085
374.604,374.59613776440443,0.007862235595553102
375.566,375.18963919653714,0.3763608034628305
362.19,362.1778533904468,0.012146609553212784
369.064,369.1175181693565,-0.05351816935649367
360.966,360.96530852533704,0.0006914746629718138
366.552,366.54207835361535,0.009921646384668747
366.93,367.0947747733782,-0.16477477337821256
364.642,364.6135156574068,0.028484342593174006
361.029,360.8573715352235,0.17162846477651783
372.62,372.7978698922131,-0.17786989221309568
362.94,363.0825082472271,-0.14250824722711286
367.842,368.14708514673725,-0.3050851467372695
362.64,362.60041437364475,0.03958562635523322
369.736,369.733729446204,0.002270553795995056
368.091,368.36871160441297,-0.27771160441295706
366.125,366.1273105871241,-0.0023105871241000386
372.677,372.653366179414,0.02363382058604202
372.284,372.3816870755242,-0.09768707552422029
372.835,372.9495878612449,-0.11458786124489961
363.012,363.2134959133845,-0.20149591338451955
372.79,372.94912506768446,-0.15912506768444246
367.994,368.3849146298115,-0.39091462981144787
372.751,372.7682017643946,-0.017201764394599195
371.699,371.4285713786658,0.2704286213341902
372.011,372.09578298645573,-0.08478298645570703
370.462,370.737540287195,-0.27554028719498547
371.343,371.53072031155335,-0.1877203115533348
370.664,370.2669788242413,0.39702117575870943
363.527,363.03427797031486,0.492722029685126
362.981,362.84234179430325,0.1386582056967427
372.606,372.8309851505406,-0.22498515054058998
370.452,370.6568128161809,-0.20481281618089042
363.365,363.42546818174515,-0.06046818174513646
361.126,360.8555694737035,0.27043052629647946
374.112,373.9484924021113,0.16350759788872438
368.013,368.24253828365016,-0.2295382836501858
373.478,373.653961600415,-0.17596160041500752
366.302,366.36862821689976,-0.06662821689974407
367.778,368.15562043936376,-0.37762043936373857
368.719,368.88256888876293,-0.1635688887629385
371.325,371.3246303016091,0.00036969839089806555
371.383,371.72293767593527,-0.339937675935289
366.417,366.4086257029788,0.008374297021191524
370.031,370.25583281984103,-0.22483281984102632
371.124,371.1034545483127,0.020545451687326022
374.714,374.87071822718286,-0.1567182271828642
366.792,366.55271567534993,0.23928432465004335
364.014,364.1235680898824,-0.10956808988237299
372.089,371.76791801064365,0.3210819893563439
371.178,371.2843375962258,-0.10633759622578509
364.58,364.6441286158781,-0.06412861587813268
360.832,360.8392221795169,-0.0072221795169298275
370.889,371.0218009800902,-0.13280098009016683
366.112,366.3409239799501,-0.22892397995008196
370.591,370.5083392096,0.08266079039998431
367.867,368.24191154837195,-0.37491154837192653
365.435,365.57479146258913,-0.13979146258913033
376.373,376.3236662003266,0.04933379967337714
370.046,370.2255529316816,-0.1795529316815987
360.466,360.12948771283095,0.33651228716905734
366.458,365.99298483795076,0.4650151620492693
363.924,364.1546314607249,-0.2306314607249078
367.514,367.4240874491073,0.08991255089273409
366.747,366.838327034523,-0.09132703452297619
364.825,364.841911619634,-0.01691161963401555
373.789,373.7499935935154,0.03900640648458875
373.189,373.3337452503928,-0.14474525039275932
366.44,366.4905992000302,-0.05059920003020579
360.213,360.57344442111093,-0.36044442111091257
365.205,365.3007416260665,-0.09574162606651271
366.692,366.88363266411943,-0.1916326641194246
361.952,362.1356252412712,-0.1836252412712156
362.113,361.8330380610249,0.2799619389750774
369.567,369.51879153319146,0.04820846680854629
360.928,360.67521661482584,0.2527833851741548
362.801,362.48683973508753,0.3141602649124593
363.268,362.9530636805011,0.3149363194988837
367.972,368.1935611114864,-0.2215611114864373
360.73,360.73405200792655,-0.004052007926532042
364.976,365.145354956525,-0.1693549565250123
360.178,360.12417042673127,0.053829573268728836
361.779,361.7217520049808,0.05724799501922462
373.185,373.2678069273677,-0.08280692736769879
366.619,366.8457169910399,-0.2267169910398934
365.163,365.36807070811784,-0.20507070811783024
366.671,366.58593389845146,0.08506610154853433
364.335,364.50166951151033,-0.16666951151034937
371.093,371.29183387595685,-0.19883387595683644
362.068,362.03491682861915,0.03308317138083794
372.993,372.99854583384064,-0.0055458338406424446
364.862,365.0381566525363,-0.1761566525362923
364.891,365.02253117979916,-0.13153117979913986
366.271,366.2886420454704,-0.017642045470381618
372.227,372.34908784216395,-0.12208784216397817
370.21,370.5330696109861,-0.3230696109861242
360.162,359.70969826490153,0.4523017350984446
364.038,363.96463780754493,0.07336219245507891
361.551,361.22655344021814,0.32444655978184755
363.792,363.68761803564195,0.10438196435802638
362.881,362.90144285582255,-0.020442855822579986
363.731,363.445307306106,0.2856926938940205
369.599,369.89781245315197,-0.29881245315198157
369.969,370.3773116441957,-0.40831164419569177
366.428,366.65684439638625,-0.22884439638625054
368.15,367.97638870377006,0.17361129622992166
366.963,367.1805318099528,-0.21753180995278854
372.619,372.95101853590427,-0.3320185359042398
375.6,375.24809865503397,0.35190134496605197
370.985,371.2680629108132,-0.28306291081321433
360.598,360.5544993069901,0.043500693009889346
364.942,364.95045675601443,-0.008456756014425082
373.753,373.5220576459062,0.23094235409377006
372.009,372.1706859893503,-0.16168598935030332
365.389,365.46346067497996,-0.0744606749799459
367.474,367.6897595675283,-0.21575956752832326
365.018,365.2228886723698,-0.20488867236980468
371.169,371.4231658570145,-0.2541658570145273
367.482,367.45671958761613,0.02528041238389278
371.987,372.18821853246425,-0.2012185324642246
364.982,365.15573408388,-0.17373408387999234
369.612,369.6348256850853,-0.022825685085251735
375.78,375.30118430871175,0.47881569128821866
364.902,364.8847442257077,0.017255774292266324
362.761,362.2914499921938,0.4695500078062196
369.56,369.4377031156461,0.12229688435388653
360.383,360.6388913649906,-0.2558913649906458
361.091,361.4455558466618,-0.3545558466618104
362.826,363.1250519412953,-0.2990519412952608
360.091,359.9701558949315,0.12084410506849963
371.241,370.8558914980023,0.3851085019977063
366.17,366.3846484018657,-0.214648401865702
364.029,363.8303680888657,0.19863191113427092
371.339,371.38331966531194,-0.044319665311945755
360.937,360.8844015190051,0.052598480994902275
360.617,360.7205643201209,-0.10356432012088135
360.071,359.9693295371888,0.10167046281122794
375.221,374.8478060225077,0.3731939774922921
360.601,360.6923103254379,-0.09131032543791662
366.403,366.37749398522794,0.025506014772076924
361.321,361.14332563209217,0.17767436790785496
374.115,374.076954756206,0.03804524379398799
369.941,369.9607765872616,-0.01977658726161735
373.122,373.2797896939886,-0.15778969398860454
365.425,365.6128904045212,-0.18789040452116978
362.907,363.0206348081482,-0.11363480814821969
372.963,373.1465583572118,-0.18355835721177982
375.296,375.0886409555325,0.20735904446746645
374.642,374.49936409201166,0.14263590798833548
360.439,360.3417346963357,0.09726530366430097
360.447,360.55055050150605,-0.10355050150604939
369.522,369.54461455266824,-0.022614552668244414
365.691,365.8696296899091,-0.17862968990914396
373.993,373.9483203903808,0.044679609619208804
365.73,365.9667115143529,-0.2367115143528622
362.583,362.5247845765438,0.05821542345620401
361.643,361.68981271774373,-0.04681271774376228
367.783,367.7518168423563,0.03118315764373847
371.839,371.89135822227183,-0.05235822227183462
373.791,373.2615727869758,0.529427213024178
374.404,374.10627838630785,0.297721613692147
375.127,375.1116031660465,0.015396833953502664
366.522,366.4910062157005,0.03099378429948274
370.932,371.1796521293845,-0.24765212938450532
375.691,375.3046690959136,0.38633090408637827
367.125,367.0975146143448,0.027485385655211303
374.234,373.93537905365207,0.2986209463479099
368.71,369.0166475941278,-0.30664759412780995
375.378,374.88154637669254,0.49645362330744547
369.86,369.7320447039558,0.12795529604420608
374.104,373.91912229055424,0.18487770944574322
367.975,368.08829186701087,-0.11329186701084382
362.205,361.86256910758635,0.3424308924136312
364.083,363.998147269646,0.08485273035404362
362.468,362.3554404508411,0.11255954915890243
365.897,365.8975719825967,-0.000571982596682119
367.256,367.5042478747908,-0.24824787479082033
366.382,366.62548277211727,-0.243482772117261
361.795,361.5552318615739,0.2397681384261432
362.384,362.4952645806736,-0.11126458067360545
374.29,374.2984190976222,-0.008419097622152094
361.001,360.778910043938,0.22208995606195003
360.845,360.60264546445006,0.2423545355499641
365.625,365.4955732724321,0.12942672756787488
369.914,369.3390524933237,0.574947506676267
369.158,369.4108480174784,-0.2528480174783567
366.067,365.746570827473,0.32042917252698544
369.89,369.78393837776014,0.10606162223984938
374.626,374.42757453717724,0.19842546282274043
371.873,371.78743903294566,0.08556096705433447
367.309,367.2711746940362,0.03782530596384959
376.069,375.85209161053325,0.2169083894667665
369.383,369.2702733113716,0.11272668862835644
376.193,375.7613250925393,0.4316749074606605
366.936,367.1488299713718,-0.21282997137183202
364.747,365.0587522836479,-0.311752283647877
374.311,374.64719781976385,-0.33619781976386776
362.987,362.6655553257403,0.32144467425973744
371.813,371.9966982984633,-0.18369829846329822
372.973,373.00704892784773,-0.034048927847720734
363.784,363.90874465765575,-0.1247446576557536
362.185,362.3567430380351,-0.17174303803511748
370.554,370.7516893475162,-0.19768934751624556
375.738,375.5343393783587,0.20366062164129062
371.672,371.9447472436454,-0.2727472436453695
362.857,362.96616523675203,-0.10916523675200551
372.031,371.9671643060126,0.06383569398741429
366.715,366.8022039278601,-0.08720392786011644
364.077,363.98827837361,0.08872162638999725
368.89,369.13850996643345,-0.2485099664334598
375.003,374.85705318596973,0.14594681403025334
365.669,365.77963701960823,-0.11063701960824801
362.74,362.9004631405481,-0.16046314054807453
369.746,370.023324478901,-0.27732447890099365
368.905,368.8412267317042,0.06377326829579033
365.999,366.2389881692449,-0.23998816924489574
375.76,375.46576130802293,0.294238691977057
374.619,374.3669671641738,0.2520328358262418
360.638,360.28543876242026,0.3525612375797209
370.721,370.8308824395695,-0.10988243956950328
375.516,375.0953109172082,0.42068908279179595
363.909,363.98689912091913,-0.07789912091914175
362.224,362.27900973896845,-0.05500973896846517
362.354,362.0894797164872,0.2645202835128089
369.433,369.6719035685565,-0.23890356855650907
371.64,371.6983572486455,-0.05835724864550684
367.942,367.9282391365046,0.013760863495406284
372.615,372.5187795674401,0.0962204325599032
368.613,368.63371429899996,-0.020714298999962466
362.108,362.09907417448505,0.008925825514950247
363.507,363.6944545760834,-0.18745457608338256
360.204,360.27788896596115,-0.07388896596114591
366.745,366.539179363769,0.2058206362310102
371.904,372.0050848233952,-0.10108482339518332
372.806,372.84784471373854,-0.04184471373855558
374.687,374.78506465213815,-0.09806465213813453
362.893,362.8594294281345,0.03357057186548218
363.596,363.79412285773253,-0.19812285773252825
376.58,376.45743096514644,0.12256903485354087
369.212,369.4992541657951,-0.28725416579510465
362.761,362.70550051327916,0.055499486720862024
366.102,365.9135973299509,0.18840267004907219
360.561,360.1763325737253,0.38466742627468875
369.511,369.5473323491452,-0.036332349145197895
370.751,370.58949535632604,0.16150464367393624
375.525,375.477970861168,0.04702913883198789
362.36,362.3200883439694,0.03991165603059699
373.292,373.2498732598214,0.042126740178559885
361.578,361.2036615000555,0.37433849994448565
365.374,365.41531040654337,-0.041310406543345835
363.615,363.7260119006092,-0.11101190060918498
365.463,365.5668325361802,-0.10383253618016397
371.994,371.8716830426125,0.12231695738751114
364.016,363.7982051083451,0.2177948916549326
375.67,375.3658765797427,0.3041234202573264
361.901,361.68358586020173,0.2174141397982794
366.557,366.56024844921296,-0.00324844921294698
367.665,367.58243088061016,0.08256911938985922
371.228,371.3827482213055,-0.15474822130551047
362.262,362.23660312184325,0.025396878156755065
370.607,370.8730082406146,-0.2660082406145534
365.638,365.75773334465885,-0.11973334465886865
367.518,367.74771516638833,-0.22971516638835965
365.046,365.27976974283365,-0.23376974283365826
370.739,370.9644668941235,-0.22546689412354226
372.924,373.05901889512273,-0.1350188951227551
362.355,362.458083391288,-0.1030833912880098
360.968,361.1749824529247,-0.20698245292470574
374.889,374.9683763164269,-0.07937631642687393
360.967,360.762309533622,0.20469046637799693
370.764,371.0022052258192,-0.23820522581917203
370.061,370.0674155897991,-0.006415589799132704
364.776,364.8641909776333,-0.08819097763330319
363.178,362.88112319380565,0.29687680619434786
361.785,361.68369997828864,0.1013000217113813
375.058,375.0350352428397,0.022964757160309546
363.755,363.9730731130341,-0.2180731130341087
360.939,360.7169145884597,0.2220854115403199
373.193,373.04370956204315,0.14929043795683583
372.843,372.9032277170636,-0.060227717063582986
375.315,374.96467910815517,0.35032089184483084
361.942,361.7301104201251,0.21188957987493495
363.784,363.8147713265799,-0.03077132657989523
372.953,373.1552510419917,-0.20225104199170119
370.821,371.0689549578191,-0.2479549578190472
360.454,360.1364015751856,0.31759842481443457
360.863,360.5413605590839,0.3216394409161012
369.956,370.17934989196095,-0.22334989196093602
364.477,364.0512888367516,0.42571116324836566
361.293,361.2610621174166,0.03193788258340646
376.575,376.3282383946427,0.2467616053572783
371.655,371.7790867211268,-0.12408672112684371
375.699,375.39570171343473,0.3032982865652798
372.702,372.5246528747019,0.17734712529806984
369.262,369.2627882089757,-0.0007882089756776622
373.742,373.80452132752225,-0.0625213275222336
364.805,364.6731216032312,0.13187839676879776
377.357,377.2250980224909,0.13190197750913057
365.106,364.7824569005037,0.32354309949630533
368.636,368.78798955920723,-0.1519895592072089
369.897,370.0480848272457,-0.15108482724571104
366.83,366.7614979671171,0.06850203288286139
365.814,365.80932075169625,0.00467924830377342
369.11,369.3150939998122,-0.20509399981216347
362.279,362.1251346230459,0.15386537695411562
370.9,370.78043108998463,0.11956891001534586
371.486,371.66636710184946,-0.1803671018494697
364.255,364.29162559777836,-0.036625597778368046
371.299,371.2908975882232,0.00810241177680382
364.485,364.46688470619296,0.018115293807056787
365.198,365.3940383265291,-0.1960383265291057
370.178,370.45222548653794,-0.27422548653794365
367.88,367.9382797913181,-0.058279791318113894
374.465,374.43441889821264,0.030581101787333864
365.84,365.866285851839,-0.026285851839020324
369.946,370.0014386034546,-0.05543860345454732
370.916,370.8555758806348,0.06042411936522285
362.027,362.0021897026479,0.02481029735207585
374.562,374.49068238618565,0.07131761381435808
372.887,372.9222618401577,-0.03526184015771605
371.011,371.02858352922135,-0.017583529221326444
368.159,368.3920231815908,-0.23302318159079505
363.435,363.31166317160387,0.12333682839613402
363.052,363.0648672252622,-0.01286722526219819
372.549,372.6524207789525,-0.10342077895251123
368.917,369.0257422238117,-0.10874222381170284
371.708,371.92719250223524,-0.21919250223521658
365.743,365.70921816738434,0.03378183261565937
365.657,365.5861385433437,0.07086145665630283
361.997,361.8267033430995,0.17029665690051843
363.366,363.252318621199,0.11368137880100448
364.673,364.69877159369685,-0.02577159369684523
362.541,362.4097857434868,0.1312142565132035
363.562,363.500298829246,0.06170117075402004
364.271,364.4425498852318,-0.17154988523179782
371.951,372.0881082879571,-0.1371082879570622
369.068,369.31626828197494,-0.24826828197495843
364.203,363.8079976159435,0.39500238405645405
368.591,368.5671039902046,0.023896009795407736
360.271,359.95585423319255,0.3151457668074613
365.408,365.61385782150995,-0.20585782150993737
369.809,370.0517853660809,-0.24278536608085233
369.716,369.8774993926178,-0.16149939261777035
366.427,366.4500708481751,-0.02307084817505256
364.668,364.8914984926444,-0.2234984926444099
368.011,368.1556865841285,-0.1446865841284648
362.552,362.4833217139719,0.06867828602810278
363.807,363.83400635318105,-0.027006353181036502
372.335,372.3662997123435,-0.03129971234352524
360.261,360.35099404255374,-0.08999404255371246
365.055,365.0310459424097,0.023954057590287903
362.457,362.1447085723559,0.3122914276440838
367.447,367.62547685503193,-0.17847685503193134
371.256,370.95886691192766,0.2971330880723144
365.528,365.37427586087557,0.15372413912444927
369.383,369.5605724027125,-0.17757240271254204
367.899,368.2155976013394,-0.3165976013394243
367.12,367.10992241098086,0.010077589019147126
366.977,366.9406120991234,0.036387900876547974
360.271,360.18290166595085,0.0880983340491639
366.802,366.9741947448477,-0.1721947448476726
373.424,372.8758686113189,0.5481313886810995
365.247,365.16323076106556,0.0837692389344511
362.13,362.11636013784386,0.01363986215613977
364.114,364.3983111750795,-0.2843111750795515
367.953,368.2228731350255,-0.26987313502553434
375.45,375.16350503689563,0.28649496310436007
371.292,371.16773201464366,0.12426798535631178
367.385,367.48436567413626,-0.09936567413626562
370.27,370.2966116866521,-0.02661168665213154
365.872,366.02009769038466,-0.14809769038464538
361.158,361.16701693692585,-0.009016936925831942
368.393,368.21583217443606,0.17716782556391308
368.87,369.1842781296361,-0.3142781296360795
370.781,371.0506047553795,-0.2696047553794756
360.411,360.2941733382666,0.1168266617333984
370.791,371.0117510291306,-0.22075102913061073
361.022,360.5962053527656,0.4257946472343974
372.458,372.5674244781282,-0.1094244781281759
365.315,365.41191832057206,-0.09691832057205829
362.065,362.2497766561934,-0.18477665619337813
366.901,366.80865450129374,0.09234549870626552
362.776,362.8076234061557,-0.03162340615568837
366.198,366.4264134030043,-0.22841340300431057
373.002,372.85075287004327,0.15124712995674372
373.353,372.9091777632675,0.4438222367325011
366.684,366.9496061673867,-0.26560616738669296
363.2,362.9552140723057,0.24478592769429497
367.817,367.53823971780434,0.2787602821956625
372.671,372.6821293477975,-0.01112934779752095
362.307,362.39651148549615,-0.08951148549613208
364.791,364.7474489705427,0.043551029457319146
366.949,367.0881173456144,-0.1391173456144088
361.167,361.1958813780083,-0.02888137800835011
361.794,361.7140327086457,0.07996729135430769
371.085,371.23355231036714,-0.14855231036716532
375.122,374.9207644386374,0.20123556136263687
363.078,362.98391841943834,0.09408158056163529
363.581,363.68974463310354,-0.10874463310352667
366.766,366.8659007636795,-0.09990076367949996
366.66,366.5480146818798,0.11198531812021884
375.724,375.40261525874416,0.3213847412558266
363.435,363.37662473083697,0.05837526916303659
361.829,361.88219302984214,-0.053193029842134365
368.152,368.4555260001782,-0.3035260001782376
369.698,369.620648987919,0.0773510120809533
361.501,361.3921942612222,0.10880573877778943
363.757,363.7948903806465,-0.03789038064650185
372.019,371.9211604278019,0.09783957219809736
366.616,366.7636561475279,-0.14765614752792544
374.778,374.75402922589865,0.023970774101371717
374.249,374.3103646788689,-0.06136467886886976
363.413,363.5544498048262,-0.14144980482620895
372.215,372.1184764544697,0.09652354553026044
367.332,367.3663180460803,-0.03431804608032962
361.072,361.43656494432076,-0.3645649443207617
362.042,361.842094040244,0.1999059597559949
369.808,369.77168275030164,0.03631724969835659
368.22,367.93145676629337,0.2885432337066618
370.295,370.34802094549923,-0.05302094549921321
370.015,370.10519954877094,-0.09019954877095415
370.926,370.6535145240105,0.2724854759894697
366.242,366.47286607904266,-0.23086607904264156
375.093,374.9105412570499,0.1824587429501321
373.504,373.7355860964005,-0.2315860964004628
374.593,374.2992782774141,0.29372172258592855
373.529,373.4258246818117,0.10317531818827774
374.53,374.526930006037,0.0030699939629812434
361.758,361.46265295013586,0.2953470498641195
374.792,374.90651617381013,-0.11451617381015922
364.429,364.4622146764627,-0.033214676462705484
362.288,362.53442840383616,-0.2464284038361484
374.704,374.7873074310592,-0.08330743105921101
362.671,362.6621860219466,0.008813978053410665
369.855,370.0816513378457,-0.2266513378456807
366.734,366.41259539712416,0.3214046028758162
371.472,371.42415517807336,0.04784482192661699
362.624,362.4795655318057,0.14443446819433348
360.12,360.29659403916565,-0.17659403916564997
360.993,360.56980266863513,0.42319733136486093
362.961,363.11538538068936,-0.15438538068934804
374.742,374.70144117703967,0.040558822960349517
363.808,363.7618106946561,0.0461893053438871
375.359,375.21599288753,0.14300711247000208
372.984,372.8558766004181,0.12812339958185248
374.404,374.03469045452863,0.3693095454713671
362.171,362.1739270491575,-0.0029270491575061897
371.526,371.46030746499287,0.06569253500714467
365.537,365.59493788896305,-0.05793788896306751
360.269,360.1931522876692,0.07584771233081256
366.583,366.6866470589831,-0.10364705898308557
364.333,364.491729326251,-0.15872932625097746
374.231,374.0456356921642,0.18536430783581181
372.249,372.488229675318,-0.23922967531797212
371.665,371.5423993681372,0.12260063186283787
368.443,368.60107486235813,-0.1580748623581485
361.624,361.42454301621297,0.19945698378705856
375.386,374.93454935027626,0.4514506497237676
371.427,371.68692602204055,-0.2599260220405313
371.392,371.77209862160123,-0.38009862160123475
369.593,369.62675364656036,-0.03375364656034208
374.54,374.1102994605707,0.4297005394293478
362.514,362.4084455089802,0.1055544910198023
375.277,375.25031222170486,0.026687778295126918
373.247,373.12222446444,0.12477553555999066
368.367,368.26671852306595,0.10028147693407163
369.998,370.14381427243336,-0.14581427243336975
364.976,365.11062287401523,-0.13462287401523554
369.485,369.71744360890517,-0.23244360890515736
371.248,371.3092356125071,-0.06123561250711873
361.405,361.6150795795755,-0.21007957957550616
371.058,371.08336965184236,-0.025369651842368057
366.413,366.5931058662594,-0.18010586625939595
366.97,367.22353640059714,-0.25353640059711324
373.204,373.05406275104764,0.14993724895236937
367.568,367.8118641379805,-0.2438641379804949
375.115,374.8791316236285,0.23586837637151348
373.536,373.3059276396586,0.23007236034140988
367.347,367.4103661103102,-0.06336611031019856
375.05,374.9569833131335,0.09301668686651965
373.583,373.40689021700354,0.17610978299649105
372.182,372.3416814485927,-0.1596814485926643
372.562,372.70867606397144,-0.14667606397142663
360.517,360.58209641251386,-0.06509641251386711
367.02,366.9730297686438,0.046970231356169734
371.683,371.8963642170876,-0.21336421708758735
374.924,374.1991690017944,0.7248309982055616
373.248,373.0261610634221,0.22183893657791032
360.389,360.35904934050626,0.029950659493749754
361.034,361.21621622115646,-0.18221622115646596
361.557,361.62786442472867,-0.07086442472865428
362.32,362.38675603565883,-0.06675603565884103
364.203,364.41663323316266,-0.2136332331626818
370.958,371.28126074420635,-0.32326074420632267
371.847,371.6825511591514,0.16444884084859268
365.447,365.20984478779354,0.23715521220645996
364.837,364.92503194632394,-0.08803194632395162
372.248,372.26891103756793,-0.02091103756794155
376.23,375.7562685044067,0.47373149559331296
364.429,364.59773350271706,-0.16873350271708887
370.201,370.57093270051814,-0.3699327005181203
372.286,372.45764028534916,-0.17164028534915587
364.633,364.8398823443797,-0.20688234437972142
374.409,374.2028688793999,0.20613112060010508
369.454,369.49809116848274,-0.044091168482736975
368.919,368.97391398866523,-0.054913988665248326
366.784,367.0416833634956,-0.25768336349563015
361.673,361.2911601114744,0.38183988852557604
368.488,368.51502797701613,-0.027027977016132354
370.127,370.14953147684645,-0.022531476846438636
367.552,367.31860920613923,0.2333907938607922
370.939,371.1036478241778,-0.16464782417779134
362.896,362.9311881209058,-0.03518812090578649
364.907,365.13539706104615,-0.22839706104616653
375.415,374.94295686388784,0.47204313611217685
368.262,368.227958336068,0.03404166393198693
370.6,370.5217552773588,0.07824472264121596
371.736,371.71036049010576,0.02563950989423347
360.986,361.0208513015018,-0.034851301501817034
367.568,367.79251815988613,-0.22451815988614499
367.446,367.70864487165596,-0.26264487165593664
372.658,372.5944921840058,0.06350781599422817
361.263,360.7979612598106,0.46503874018935676
371.561,371.78157263208897,-0.22057263208898803
372.925,372.9355071802332,-0.010507180233162217
364.627,364.5222926065144,0.10470739348562574
367.129,367.1055453718322,0.023454628167826286
361.555,361.4625115135288,0.09248848647121122
366.206,366.0487552287945,0.15724477120551228
371.33,371.27226719213166,0.05773280786831947
363.884,364.0722943777765,-0.18829437777645808
360.904,360.8926369759157,0.011363024084289464
373.98,374.17630750112403,-0.19630750112401074
363.006,363.02563989319054,-0.01963989319057191
366.871,367.0844187702849,-0.21341877028493172
366.92,367.19674074350536,-0.27674074350534283
369.716,369.8634240128043,-0.1474240128042652
361.974,362.1025555781962,-0.1285555781961989
375.524,375.3474951390315,0.17650486096852092
370.759,370.71464082115864,0.044359178841375524
363.527,363.5640281138853,-0.03702811388529881
360.7,360.6223653187656,0.07763468123437178
375.418,375.38477491645466,0.03322508354534648
368.035,368.21925764544056,-0.1842576454405389
376.553,376.5417628626689,0.011237137331079339
369.449,369.50994903136336,-0.06094903136335006
369.555,369.4511855889738,0.10381441102623512
363.767,363.87970788596505,-0.11270788596505099
375.58,375.27903410409436,0.3009658959056196
375.411,374.9852732628318,0.42572673716819054
362.855,362.2302380934642,0.6247619065358094
360.904,360.7594362510876,0.14456374891238966
369.08,368.87908454508204,0.20091545491794705
374.177,374.2647386921935,-0.08773869219345443
374.528,374.58917592382477,-0.06117592382474868
370.241,369.41068513669535,0.8303148633046362
361.89,361.9996889389998,-0.10968893899979548
372.578,372.9417631989889,-0.36376319898892007
372.528,372.5322705497694,-0.004270549769387344
365.387,365.5511770720678,-0.16417707206778687
371.882,371.80156896424313,0.08043103575687383
370.45,370.67978085258176,-0.2297808525817686
363.15,363.0792860833297,0.07071391667028593
371.13,371.1823329839389,-0.052332983938924826
362.313,362.4337683215497,-0.12076832154968997
372.993,372.78910305976825,0.20389694023174343
362.647,362.6226804600293,0.024319539970690585
360.483,360.53613807215913,-0.053138072159129024
374.534,374.20954807441063,0.32445192558935787
362.415,362.22790380107324,0.1870961989267812
367.19,367.0245237496769,0.16547625032308133
366.34,366.5588132802458,-0.21881328024579716
368.763,368.769868579341,-0.006868579341016812
361.637,361.7287624575446,-0.09176245754457568
374.538,374.4925772621662,0.04542273783380324
364.89,365.41704143836796,-0.5270414383679736
368.616,368.9136470495857,-0.29764704958569155
375.981,375.5355040379748,0.44549596202517705
374.355,374.3047342135847,0.05026578641530932
374.736,374.3697951461152,0.3662048538847671
374.654,374.3527936832161,0.30120631678391874
363.556,363.14178587555216,0.4142141244478239
372.448,372.49974273000174,-0.05174273000176299
361.681,361.36149606007655,0.31950393992343606
366.396,366.5620679832032,-0.1660679832031633
368.777,368.96371792663473,-0.18671792663474207
363.556,363.48152234511883,0.0744776548811501
363.014,363.29228988775054,-0.27828988775053176
360.369,360.2889385427884,0.08006145721162738
371.188,371.2268302998875,-0.03883029988753606
363.944,364.1846175919893,-0.24061759198929167
367.443,367.5003787948093,-0.05737879480932406
365.018,364.8162031122235,0.20179688777648153
367.73,367.8752398604953,-0.14523986049528048
364.223,364.2799432852171,-0.05694328521707348
375.236,374.9459200004643,0.29007999953569197
369.204,369.35741012356425,-0.15341012356424244
371.409,371.01381487706027,0.3951851229397221
367.612,367.7092389282611,-0.0972389282610493
363.874,363.377260025256,0.49673997474400267
361.2,361.0979132846704,0.1020867153295626
371.041,371.0975755271568,-0.056575527156780936
373.893,373.7657042535396,0.12729574646039055
375.586,375.4188997588393,0.16710024116071054
374.923,374.878459170673,0.04454082932699066
363.163,363.10993134321103,0.053068656788980206
361.028,360.9990864784444,0.02891352155563709
366.432,366.47626111200333,-0.044261112003312064
366.734,366.92506113638854,-0.19106113638855504
361.465,361.5535842382138,-0.08858423821379802
363.495,363.5575950093769,-0.0625950093768779
360.492,360.4033445681639,0.08865543183611635
373.051,373.0419242249664,0.009075775033579703
370.309,370.58226417624655,-0.27326417624652777
367.777,367.63440956274445,0.1425904372555351
364.807,364.8674677502881,-0.060467750288069055
368.074,368.49098705934523,-0.4169870593452174
360.929,360.8448395381247,0.08416046187528536
360.189,360.028751314025,0.16024868597503428
363.5,363.61176237586983,-0.11176237586983007
365.507,365.46947780485124,0.03752219514876742
364.105,364.16446156825833,-0.059461568258313946
365.656,365.8394577203758,-0.18345772037577035
373.544,373.31968911244945,0.22431088755052997
375.184,374.8866588813571,0.2973411186429189
368.822,369.08412139665955,-0.2621213966595519
368.746,369.0189602123073,-0.27296021230733913
366.297,366.3442401088751,-0.04724010887508712
370.085,370.03243599450553,0.052564005494446064
367.984,368.0355694402104,-0.05156944021041454
362.803,362.9010176258551,-0.09801762585510687
368.644,368.74422036827497,-0.10022036827496095
364.657,364.83400751399813,-0.17700751399814862
362.809,362.756048472132,0.05295152786800372
374.983,374.98010647518356,0.002893524816443005
362.363,362.052712245159,0.31028775484099924
371.669,371.57474632979404,0.09425367020594422
366.752,366.8215206471349,-0.06952064713487971
363.308,363.2894681379689,0.018531862031068158
372.687,372.9457987969407,-0.2587987969407095
363.46,363.16237641635934,0.2976235836406431
364.652,364.5976527661848,0.0543472338151787
360.111,359.82189605114655,0.2891039488534375
370.963,371.08959472853024,-0.1265947285302218
371.253,371.45446103771775,-0.20146103771776325
363.058,362.7616961349008,0.2963038650992189
371.847,372.07572747548994,-0.2287274754899613
368.505,368.6241333538499,-0.11913335384991797
369.707,369.4560482517512,0.25095174824878086
365.435,365.68890295956794,-0.25390295956793807
374.671,374.40014126752413,0.27085873247585823
364.799,364.976324518263,-0.17732451826304896
364.62,364.26274116631146,0.3572588336885474
364.266,364.37552442571416,-0.10952442571414167
367.245,367.50867893174603,-0.2636789317460284
361.959,361.88010977902417,0.0788902209758362
376.263,375.83770023208996,0.425299767910019
373.984,374.01650599584923,-0.03250599584924885
360.647,360.56595780944843,0.08104219055155681
367.723,367.8806448934607,-0.15764489346071286
372.656,372.69171672465757,-0.03571672465756137
362.965,362.8367213156382,0.12827868436176004
363.767,363.6006495163184,0.16635048368158323
366.327,366.5817496347877,-0.25474963478768586
365.654,365.569259478489,0.08474052151098022
375.879,375.633251413568,0.2457485864320006
365.148,365.2099475654906,-0.06194756549058411
370.866,371.0713916816255,-0.20539168162554233
369.707,369.9164212481751,-0.2094212481750901
363.422,363.58916203389293,-0.1671620338929074
367.56,367.70789274118994,-0.1478927411899349
364.123,364.106290366291,0.016709633709012905
361.842,361.90656226239616,-0.0645622623961799
367.925,368.1598518888792,-0.2348518888791773
368.208,368.37240886099005,-0.16440886099002228
360.406,360.31357152619864,0.09242847380136254
373.863,373.97808095088664,-0.11508095088663595
368.46,368.70422986642507,-0.24422986642508704
363.094,363.2164882219329,-0.12248822193288333
361.677,361.33749667373917,0.33950332626085356
367.045,366.9586678489658,0.08633215103424163
363.612,363.7648360573632,-0.1528360573631744
370.16,370.2106511387794,-0.05065113877935801
364.071,363.99223568394586,0.07876431605416201
371.646,371.5340302859751,0.11196971402489453
363.823,363.9120659396029,-0.08906593960290365
362.787,362.57960814090404,0.20739185909593516
368.17,368.4368412757316,-0.266841275731565
365.601,365.9340471584414,-0.33304715844138855
370.304,370.41367881363624,-0.10967881363626475
367.285,367.19150295903717,0.09349704096285905
373.658,373.6505397140335,0.007460285966487845
368.793,369.07232804093644,-0.27932804093643426
375.414,375.1186355102786,0.2953644897214076
363.309,363.05214484006547,0.25685515993455965
368.18,368.0380570557854,0.14194294421463383
372.018,372.1174201977545,-0.09942019775451172
373.357,373.3161243308271,0.040875669172919515
369.118,369.166140711561,-0.04814071156101818
362.921,362.5198960849181,0.40110391508187604
375.991,375.9734942203175,0.01750577968249445
365.924,365.8454711204305,0.07852887956948962
373.614,373.7500482682531,-0.1360482682531483
370.373,370.5779686141218,-0.20496861412181033
364.007,364.0065998988413,0.0004001011587320136
369.983,370.12140556848954,-0.13840556848953156
365.196,365.39707329555887,-0.20107329555884235
369.707,369.98581271889407,-0.27881271889407344
375.317,375.183663679615,0.13333632038501264
369.112,369.18451323950734,-0.07251323950731603
364.33,364.264550154154,0.06544984584598978
365.424,365.6617625680408,-0.2377625680408073
367.332,367.5759567143427,-0.24395671434268706
374.828,374.68717350502334,0.14082649497663624
367.26,367.4358443009376,-0.17584430093762649
367.423,367.5729693779895,-0.14996937798952104
367.355,367.61649814093107,-0.26149814093105306
367.136,367.3961539368391,-0.2601539368390604
371.315,371.5891202992054,-0.2741202992053786
364.291,364.0559421359478,0.23505786405218032
364.386,364.3556999045711,0.03030009542891321
368.109,367.9167250702052,0.19227492979479166
365.191,365.3574047049539,-0.16640470495394766
369.724,369.63824391805133,0.08575608194865936
373.931,373.5973978613365,0.33360213866347976
